1,1,1,PZ001
2,1,1,PZ010
3,3,1,BG003
4,1,2,SD011
5,1,3,BG002
6,1,3,DR007
7,3,3,DS010
8,1,3,SD005
9,1,3,CK008
10,3,4,BG011
11,2,4,DR003
12,3,4,SD007
13,1,4,DR010
14,1,4,BG007
15,1,5,BG005
16,2,5,SD003
17,1,5,SD004
18,1,6,DR011
19,1,6,CK005
20,1,7,CK007
21,1,8,SD005
22,1,9,PZ001
23,2,9,CK007
24,3,9,PZ008
25,1,9,PZ005
26,1,10,SD004
27,2,10,PZ002
28,1,10,BG004
29,1,10,DR004
30,3,11,SD009
31,3,11,DR009
32,1,11,BG008
33,1,12,PZ002
34,1,12,CK009
35,1,12,DR008
36,1,13,CK006
37,1,13,DS002
38,1,13,DS010
39,3,14,PZ009
40,2,14,CK004
41,3,14,SD009
42,1,14,DS003
43,1,14,DS002
44,1,15,DS007
45,1,16,DR009
46,1,17,CK001
47,1,17,DS004
48,3,17,PZ003
49,1,18,DR006
50,1,18,CK003
51,1,18,DR009
52,3,18,DS005
53,1,19,CK003
54,1,19,DR002
55,1,19,PZ009
56,1,20,BG001
57,1,20,DR001
58,1,20,BG010
59,1,21,DR010
60,1,22,SD005
61,1,22,PZ009
62,1,23,CK006
63,1,23,DS010
64,1,24,DS009
65,1,24,PZ003
66,3,24,BG002
67,1,24,CK001
68,3,25,CK009
69,2,25,DR006
70,1,25,CK006
71,1,25,DR008
72,1,25,DS003
73,3,26,CK006
74,1,26,PZ004
75,1,26,DR004
76,1,26,DS008
77,1,26,DR008
78,3,27,DS002
79,2,27,DR001
80,1,27,SD003
81,3,27,SD011
82,2,28,BG005
83,3,28,PZ002
84,3,28,SD008
85,1,28,DS002
86,1,29,SD004
87,1,29,PZ003
88,1,29,SD006
89,1,29,SD001
90,1,29,DR004
91,3,30,BG007
92,1,30,DR003
93,3,30,CK003
94,3,30,BG009
95,3,31,DR001
96,1,31,BG009
97,1,32,DR010
98,1,32,DS006
99,1,32,BG004
100,1,32,DR008
101,2,33,CK007
102,1,33,SD001
103,1,34,CK008
104,1,34,DS009
105,1,34,SD011
106,1,34,PZ007
107,1,34,BG008
108,1,35,DS005
109,1,35,DS004
110,1,35,CK006
111,1,35,SD004
112,2,35,CK005
113,1,36,PZ009
114,3,36,PZ004
115,1,36,SD002
116,1,36,DR005
117,1,37,CK009
118,2,37,CK004
119,1,37,PZ005
120,1,37,SD001
121,1,38,PZ003
122,2,38,CK009
123,1,38,DS006
124,1,38,SD008
125,1,39,SD010
126,1,39,DS003
127,1,39,DR001
128,1,39,DR011
129,2,40,DR001
130,1,40,PZ004
131,1,40,SD001
132,1,41,SD010
133,1,41,DR002
134,1,41,SD002
135,1,41,BG004
136,2,41,DR011
137,1,42,CK006
138,1,42,PZ008
139,1,42,SD005
140,3,42,CK007
141,1,43,DR006
142,2,43,PZ007
143,1,43,DS003
144,1,43,BG006
145,2,43,PZ003
146,3,44,PZ002
147,1,45,DS004
148,1,45,CK004
149,1,45,CK003
150,1,45,DS004
151,1,46,DS006
152,1,47,DR001
153,1,47,PZ009
154,1,47,SD006
155,1,48,DS009
156,3,48,CK006
157,3,49,PZ010
158,2,49,BG008
159,1,49,CK003
160,2,50,CK007
161,1,50,PZ005
162,1,51,DS003
163,1,51,DR008
164,2,51,DR001
165,2,52,PZ006
166,1,53,BG005
167,1,53,BG007
168,1,53,DR003
169,3,53,DR008
170,1,54,SD001
171,1,55,BG005
172,1,56,CK002
173,3,56,PZ004
174,1,57,DS001
175,1,58,CK007
176,1,58,DS009
177,1,59,DR002
178,1,60,CK003
179,1,60,PZ003
180,2,61,PZ005
181,1,61,SD005
182,1,61,PZ003
183,1,61,CK001
184,1,61,CK005
185,1,62,DS009
186,1,63,BG003
187,1,63,PZ007
188,1,63,SD007
189,3,63,BG005
190,1,63,BG004
191,1,64,DR001
192,2,65,DS010
193,3,66,DS002
194,1,66,DR010
195,2,67,BG010
196,1,67,SD007
197,3,68,BG007
198,2,68,DS004
199,3,69,CK009
200,1,69,DS009
201,1,69,DR006
202,1,69,DR008
203,3,69,BG009
204,1,70,CK008
205,1,70,SD003
206,1,70,BG006
207,2,70,CK004
208,1,71,SD005
209,1,72,DR009
210,1,73,BG001
211,1,74,SD010
212,1,74,CK006
213,3,74,DR009
214,1,74,DS007
215,1,74,SD011
216,1,75,PZ009
217,1,75,CK001
218,1,75,DR002
219,1,75,CK005
220,2,76,DS001
221,1,77,CK004
222,2,78,BG005
223,1,79,DR008
224,2,79,CK008
225,1,80,DR001
226,3,80,CK002
227,1,80,DR009
228,2,80,DR011
229,1,80,PZ008
230,1,81,SD004
231,1,81,SD001
232,1,82,PZ005
233,1,82,SD009
234,1,82,SD005
235,2,83,CK002
236,1,83,DR008
237,1,83,BG009
238,1,83,CK005
239,1,83,SD008
240,1,84,DR008
241,1,84,DR008
242,1,84,BG007
243,3,85,BG002
244,1,85,DR007
245,1,85,BG006
246,1,85,BG005
247,1,86,CK001
248,2,86,PZ009
249,2,86,BG005
250,2,86,DS002
251,2,87,CK005
252,1,87,DR004
253,1,88,SD007
254,2,88,DR005
255,1,88,SD008
256,1,88,DS004
257,1,88,DR004
258,1,89,DR007
259,1,89,SD009
260,3,89,PZ001
261,1,89,DR003
262,1,89,BG001
263,1,90,CK009
264,1,90,CK005
265,2,90,CK003
266,1,91,DR007
267,1,91,PZ005
268,1,91,CK007
269,3,91,BG009
270,1,91,PZ006
271,2,92,BG005
272,2,92,CK008
273,1,92,DS010
274,1,93,DR007
275,1,93,CK004
276,1,93,DR006
277,1,94,BG009
278,1,95,DS005
279,1,95,DS007
280,1,95,BG005
281,2,96,SD001
282,1,97,BG010
283,3,97,CK003
284,1,97,PZ009
285,2,98,DR007
286,1,98,CK009
287,1,99,DR010
288,1,99,PZ007
289,1,100,DR002
290,3,101,SD002
291,1,101,PZ007
292,3,101,BG009
293,1,101,BG011
294,1,102,BG007
295,1,102,DS005
296,1,102,DS009
297,1,102,DR008
298,1,103,DR004
299,1,103,SD005
300,1,103,CK008
301,2,103,PZ010
302,1,104,SD006
303,3,104,SD009
304,1,105,PZ007
305,2,106,DR006
306,3,106,BG006
307,1,107,CK008
308,1,107,SD007
309,1,107,BG001
310,3,108,CK009
311,3,108,DS002
312,1,109,SD009
313,1,110,DS005
314,1,110,DR001
315,3,110,SD009
316,2,111,DS009
317,1,111,DR006
318,1,112,BG008
319,1,112,DR003
320,1,112,PZ001
321,3,112,DS003
322,1,113,PZ003
323,1,113,BG002
324,1,113,BG003
325,1,113,CK002
326,1,114,CK005
327,1,114,DS001
328,1,114,CK002
329,1,114,CK009
330,1,114,DR001
331,1,115,SD011
332,1,115,PZ001
333,1,116,PZ001
334,2,116,PZ007
335,1,116,BG005
336,1,116,DS004
337,2,116,BG005
338,1,117,PZ001
339,1,117,DS002
340,3,117,DR009
341,1,118,DR011
342,1,118,CK004
343,1,118,DS005
344,1,118,DR011
345,1,118,BG009
346,1,119,SD006
347,3,119,BG011
348,3,119,BG009
349,2,119,BG006
350,1,119,DR010
351,1,120,DR006
352,1,120,SD005
353,1,120,PZ008
354,1,120,PZ002
355,3,120,BG008
356,1,121,SD008
357,1,121,CK009
358,1,122,BG011
359,1,122,DS010
360,1,122,CK008
361,3,122,SD005
362,1,123,PZ006
363,1,124,DR003
364,1,124,DS001
365,1,124,DS006
366,1,125,PZ006
367,1,125,DR009
368,1,125,PZ004
369,2,125,DR005
370,1,125,PZ009
371,3,126,PZ007
372,1,126,PZ006
373,1,126,DR005
374,1,126,BG006
375,1,127,BG002
376,1,127,DS004
377,1,128,DS001
378,1,128,SD004
379,1,128,SD009
380,1,128,DS008
381,1,128,SD004
382,1,129,CK001
383,1,129,PZ003
384,1,129,DS010
385,1,129,SD011
386,1,129,SD007
387,3,130,SD007
388,3,130,DS005
389,1,130,DR003
390,1,131,DR002
391,1,131,PZ007
392,3,131,DS002
393,1,131,DR002
394,1,132,DR007
395,1,132,BG008
396,2,132,SD011
397,2,132,PZ010
398,1,132,BG005
399,1,133,SD007
400,1,133,DR006
401,1,134,DR004
402,1,134,DS002
403,3,134,DS010
404,1,134,SD008
405,1,135,BG003
406,3,135,DR003
407,1,135,CK004
408,3,136,DR009
409,1,136,SD007
410,1,136,PZ004
411,1,137,DR008
412,1,138,CK004
413,1,139,BG008
414,1,140,CK001
415,1,140,PZ009
416,1,140,CK002
417,1,141,PZ008
418,1,141,DS001
419,3,142,DS008
420,1,142,DR001
421,3,143,SD007
422,1,143,DR004
423,1,143,PZ010
424,1,144,DR008
425,1,144,BG002
426,1,144,BG003
427,2,144,SD004
428,2,144,BG008
429,1,145,DS006
430,1,145,SD002
431,1,145,BG001
432,2,146,PZ008
433,1,147,CK006
434,1,148,BG001
435,3,149,SD008
436,1,149,DS002
437,1,149,PZ006
438,1,149,BG007
439,1,150,BG005
440,1,150,SD002
441,1,150,DR011
442,1,150,DS007
443,1,151,CK007
444,1,151,SD006
445,1,152,DS004
446,1,152,DS008
447,2,152,BG008
448,1,152,SD005
449,1,153,PZ008
450,1,153,SD005
451,1,153,DS009
452,1,154,SD003
453,1,154,SD004
454,1,155,PZ008
455,1,155,DS005
456,2,155,SD010
457,1,155,SD004
458,1,156,PZ010
459,1,156,SD011
460,2,156,DS005
461,1,157,BG001
462,2,157,SD009
463,1,157,PZ001
464,3,157,CK004
465,1,158,BG005
466,1,158,DS002
467,2,158,DS005
468,2,158,BG010
469,1,158,SD007
470,3,159,SD006
471,1,159,CK005
472,1,159,DS002
473,3,159,CK007
474,2,159,CK003
475,1,160,SD001
476,1,160,BG006
477,3,161,PZ007
478,1,162,BG010
479,1,162,CK002
480,1,163,BG004
481,1,163,BG011
482,2,163,SD011
483,1,164,DR009
484,1,164,DS004
485,2,164,DR009
486,1,165,CK001
487,2,165,DR003
488,1,166,CK001
489,3,166,PZ001
490,1,167,DR010
491,3,168,BG008
492,1,169,PZ001
493,1,169,SD009
494,2,169,CK006
495,1,169,PZ008
496,1,170,DR009
497,2,170,BG003
498,2,170,PZ004
499,1,171,BG011
500,1,171,PZ003
501,1,172,DS001
502,1,173,PZ008
503,1,173,SD002
504,1,173,PZ004
505,3,173,CK004
506,1,173,PZ003
507,1,174,CK008
508,1,175,PZ003
509,2,175,DR009
510,1,176,CK002
511,2,176,DS002
512,1,176,PZ001
513,1,177,CK006
514,1,177,SD009
515,3,178,CK004
516,1,178,SD002
517,1,179,DR010
518,1,179,CK002
519,1,179,DR008
520,1,180,SD003
521,3,180,PZ004
522,1,180,DS010
523,3,180,DR002
524,1,181,PZ008
525,1,182,CK002
526,1,182,BG006
527,1,183,PZ007
528,3,184,DR001
529,1,184,PZ004
530,1,185,CK008
531,1,185,PZ001
532,1,185,DS007
533,1,185,SD009
534,3,186,BG001
535,1,186,BG003
536,2,186,PZ004
537,1,186,BG002
538,1,187,SD008
539,1,187,DR001
540,3,187,DR010
541,1,188,PZ003
542,1,188,PZ004
543,1,188,SD008
544,3,188,SD005
545,1,189,DR009
546,3,189,BG011
547,1,189,CK002
548,2,189,PZ002
549,1,189,CK009
550,1,190,DR005
551,2,190,DR003
552,1,190,BG009
553,1,191,BG010
554,3,191,DR002
555,2,191,DR006
556,1,191,BG003
557,1,191,DR010
558,1,192,SD003
559,2,192,DR010
560,1,192,DR002
561,1,192,CK004
562,3,193,PZ008
563,1,193,PZ008
564,1,193,SD004
565,1,193,PZ007
566,2,194,DS007
567,1,194,BG002
568,1,194,DS007
569,3,194,DR011
570,1,194,PZ010
571,1,195,DS001
572,1,196,BG011
573,1,196,BG011
574,1,196,SD005
575,3,196,PZ007
576,1,196,DS003
577,3,197,SD011
578,3,198,DR003
579,1,199,SD002
580,3,200,BG010
581,1,200,CK009
582,1,200,DS008
583,1,200,CK007
584,1,200,SD009
585,1,201,PZ005
586,3,201,SD004
587,1,201,BG004
588,1,201,DR001
589,1,202,CK008
590,1,202,DS003
591,1,203,BG002
592,3,203,SD004
593,1,203,CK001
594,1,203,SD002
595,1,203,DR011
596,1,204,BG009
597,3,204,SD006
598,3,204,SD006
599,3,204,DR010
600,1,204,PZ006
601,1,205,SD004
602,1,205,CK005
603,1,205,DS007
604,3,205,BG010
605,1,205,PZ003
606,3,206,PZ004
607,1,206,PZ009
608,2,206,PZ010
609,1,207,DS009
610,1,208,BG006
611,3,208,SD010
612,1,208,BG008
613,1,208,PZ001
614,1,209,BG009
615,3,209,SD003
616,1,209,CK006
617,1,209,PZ008
618,1,210,CK006
619,1,210,BG005
620,1,210,CK007
621,2,211,SD003
622,3,211,DS007
623,3,211,BG002
624,1,212,BG003
625,1,212,SD003
626,2,213,CK009
627,2,213,DR009
628,2,213,BG005
629,2,214,CK009
630,2,214,CK005
631,2,214,CK004
632,3,214,PZ009
633,2,215,DS008
634,1,215,BG002
635,1,215,DS006
636,1,215,DR006
637,2,215,PZ002
638,1,216,CK004
639,1,216,DS010
640,1,216,SD008
641,1,217,DR006
642,1,217,CK001
643,2,217,BG006
644,1,217,PZ005
645,2,217,PZ009
646,2,218,CK002
647,1,218,PZ001
648,1,218,BG004
649,1,218,DR001
650,1,219,CK009
651,1,219,DS001
652,1,219,PZ010
653,1,219,PZ008
654,3,220,DR009
655,1,220,CK008
656,3,220,SD003
657,2,220,CK005
658,1,220,SD007
659,1,221,DR008
660,3,221,SD006
661,2,221,BG010
662,3,221,BG008
663,1,221,DS001
664,2,222,DS005
665,1,222,DR003
666,1,223,BG010
667,1,223,BG003
668,3,223,SD003
669,2,223,CK004
670,1,224,DR008
671,3,224,BG002
672,1,224,SD005
673,1,224,SD010
674,3,225,CK007
675,3,225,DR005
676,1,225,BG006
677,1,226,DR007
678,1,227,CK002
679,1,227,PZ003
680,2,228,CK001
681,1,228,BG007
682,2,228,CK009
683,1,229,PZ008
684,2,229,PZ005
685,1,229,DR003
686,1,229,PZ004
687,1,229,PZ002
688,1,230,PZ009
689,1,231,DR008
690,1,232,CK003
691,1,232,BG011
692,1,232,CK008
693,1,232,SD010
694,1,232,BG004
695,2,233,BG006
696,1,234,CK002
697,1,234,BG003
698,1,235,DR003
699,3,235,PZ002
700,3,236,BG004
701,3,236,PZ008
702,1,237,SD003
703,3,237,DR008
704,3,237,SD001
705,1,237,DS007
706,2,238,CK006
707,3,239,CK004
708,1,239,DR001
709,1,239,SD006
710,1,240,DS009
711,1,240,PZ001
712,2,240,DR005
713,1,240,BG004
714,1,241,BG001
715,1,241,DR001
716,1,241,CK003
717,1,241,BG009
718,1,241,BG011
719,1,242,PZ004
720,1,242,DS009
721,1,242,PZ008
722,3,243,PZ007
723,1,244,CK004
724,2,244,CK001
725,1,244,DS005
726,1,244,DR011
727,1,244,PZ003
728,3,245,BG010
729,1,245,BG001
730,1,245,BG004
731,2,245,PZ010
732,1,246,BG011
733,3,246,DR005
734,3,247,PZ010
735,1,247,PZ004
736,1,247,BG009
737,1,247,BG006
738,1,247,PZ008
739,3,248,BG009
740,1,248,DR002
741,1,248,SD002
742,1,249,DS005
743,1,249,BG004
744,1,249,SD008
745,1,250,DR002
746,1,251,SD003
747,2,251,PZ003
748,3,251,CK001
749,1,251,BG002
750,1,251,CK006
751,1,252,DS006
752,1,252,PZ002
753,2,252,BG002
754,2,252,PZ001
755,2,252,DR002
756,3,253,CK001
757,1,253,SD001
758,1,253,DR006
759,1,254,SD003
760,1,254,DR004
761,2,254,BG008
762,1,255,BG005
763,1,255,PZ001
764,2,255,BG004
765,3,255,DS004
766,1,256,DS003
767,3,257,SD002
768,1,258,BG006
769,1,259,PZ006
770,1,259,SD002
771,3,259,DR003
772,1,259,PZ002
773,2,259,DS004
774,3,260,DR011
775,2,260,DR008
776,1,260,DS004
777,1,260,BG007
778,1,261,CK004
779,2,261,DR005
780,1,261,BG003
781,1,262,BG011
782,1,262,CK008
783,1,262,DR003
784,1,262,SD002
785,2,263,SD008
786,1,263,BG001
787,3,263,BG008
788,1,263,PZ009
789,2,263,CK007
790,3,264,DS001
791,3,265,SD011
792,1,265,DR009
793,1,265,DR001
794,1,265,CK003
795,1,265,PZ010
796,1,266,SD003
797,3,267,PZ005
798,1,268,CK009
799,1,268,DR009
800,1,268,DS010
801,2,268,SD001
802,1,269,BG002
803,1,269,PZ007
804,1,269,CK008
805,3,269,DS010
806,1,270,DS007
807,1,270,PZ003
808,1,271,BG008
809,1,271,DR006
810,1,271,BG010
811,3,272,DR011
812,1,272,BG005
813,1,272,DS001
814,1,272,PZ009
815,1,272,DR009
816,3,273,SD011
817,1,273,DS001
818,1,274,DS003
819,1,274,DS005
820,2,274,PZ003
821,2,274,PZ001
822,1,274,SD010
823,1,275,DS006
824,1,275,DS003
825,1,275,PZ006
826,2,275,DS010
827,1,276,PZ010
828,1,276,DS008
829,3,276,SD002
830,1,276,CK003
831,1,277,CK008
832,2,278,SD011
833,3,278,PZ005
834,1,278,DS010
835,3,278,SD004
836,2,278,BG010
837,1,279,DR008
838,1,279,PZ008
839,3,279,DR007
840,1,280,PZ003
841,1,281,DS008
842,1,281,CK006
843,2,281,PZ008
844,1,281,PZ002
845,3,282,DR004
846,1,282,BG002
847,3,282,DR001
848,1,283,DR001
849,1,283,BG011
850,3,284,SD003
851,1,284,PZ010
852,3,284,CK005
853,1,284,CK002
854,1,285,DR001
855,1,285,SD005
856,2,286,BG006
857,2,286,SD005
858,1,287,PZ009
859,1,287,SD001
860,1,287,BG008
861,1,287,PZ006
862,1,288,PZ005
863,1,288,DR010
864,1,288,PZ010
865,1,288,SD002
866,1,289,DR002
867,2,290,BG010
868,3,290,BG005
869,1,291,PZ005
870,2,291,PZ005
871,1,291,SD003
872,1,292,SD010
873,1,292,DS006
874,1,292,BG009
875,1,292,BG004
876,1,292,SD008
877,1,293,BG011
878,1,294,SD001
879,3,294,SD001
880,1,294,DS005
881,1,294,CK007
882,1,295,BG003
883,1,295,BG004
884,1,295,DS004
885,3,295,DS010
886,3,295,CK005
887,2,296,PZ001
888,3,296,SD002
889,1,297,DR004
890,1,297,BG008
891,1,297,BG003
892,1,297,SD004
893,1,298,BG005
894,1,298,PZ009
895,1,298,PZ009
896,1,298,DR006
897,1,298,SD006
898,1,299,BG009
899,1,300,DR008
900,1,300,PZ002
901,3,300,SD009
902,1,301,BG001
903,1,301,PZ004
904,1,301,DS003
905,1,302,BG006
906,1,302,DS003
907,1,302,BG009
908,1,303,CK002
909,1,303,DR005
910,3,304,SD009
911,2,304,PZ003
912,1,304,SD011
913,3,304,SD005
914,1,305,CK001
915,1,306,CK003
916,1,306,PZ008
917,1,306,DR001
918,1,307,BG006
919,1,307,CK004
920,1,308,BG011
921,1,308,DR007
922,1,308,DS002
923,2,308,BG003
924,1,309,CK005
925,2,309,PZ006
926,1,310,DR006
927,1,310,DR009
928,1,310,CK002
929,2,310,BG010
930,1,311,SD005
931,1,312,BG002
932,2,312,CK002
933,1,312,SD011
934,1,313,DR011
935,2,314,BG006
936,1,314,CK001
937,1,314,DR006
938,1,315,PZ009
939,1,315,CK003
940,3,316,SD008
941,1,316,BG010
942,1,316,DS009
943,1,316,SD009
944,3,317,DR005
945,2,317,CK007
946,1,318,DR003
947,1,319,PZ009
948,1,319,DS002
949,1,320,SD011
950,1,320,BG003
951,1,320,DR010
952,1,320,SD010
953,1,321,DR007
954,1,321,DR008
955,1,322,PZ004
956,1,323,DR009
957,1,323,CK007
958,1,323,BG007
959,1,323,BG011
960,1,324,SD001
961,1,324,DS002
962,2,324,DR001
963,1,324,BG005
964,1,325,PZ001
965,1,325,DR001
966,1,325,BG006
967,1,326,SD002
968,2,327,SD010
969,1,327,BG011
970,3,327,DR005
971,1,327,DR006
972,2,327,CK007
973,2,328,PZ006
974,1,328,CK007
975,1,329,DR010
976,1,329,BG004
977,1,329,BG001
978,3,329,DR002
979,2,330,DS008
980,1,331,DS005
981,1,331,PZ007
982,1,332,CK001
983,1,332,PZ005
984,1,332,CK005
985,1,333,DS005
986,1,333,BG004
987,1,334,DR001
988,1,335,PZ009
989,1,335,BG007
990,1,335,DR001
991,1,336,DS005
992,3,336,SD008
993,1,336,PZ001
994,1,336,SD010
995,1,336,PZ010
996,3,337,DS009
997,2,338,SD004
998,3,338,PZ007
999,1,339,DR003
1000,1,340,SD004
1001,1,341,DR010
1002,1,341,PZ010
1003,1,341,DR004
1004,1,342,DR004
1005,2,342,DS002
1006,1,342,DR011
1007,1,343,PZ010
1008,3,343,DR009
1009,1,343,CK007
1010,1,344,BG002
1011,2,345,BG007
1012,1,345,BG004
1013,1,345,DS007
1014,1,345,DR002
1015,1,345,CK005
1016,1,346,BG002
1017,1,347,BG003
1018,1,347,DR008
1019,1,347,SD002
1020,1,348,SD008
1021,1,348,CK009
1022,3,349,PZ003
1023,1,349,CK005
1024,1,349,PZ005
1025,1,350,PZ004
1026,2,350,DR009
1027,1,350,CK004
1028,1,351,DR007
1029,3,351,DS007
1030,2,351,CK005
1031,1,351,PZ001
1032,3,351,DR002
1033,1,352,DS003
1034,1,352,CK001
1035,1,352,BG007
1036,1,353,BG003
1037,1,353,PZ007
1038,1,353,SD002
1039,1,354,CK001
1040,1,354,PZ002
1041,1,354,DR006
1042,1,354,SD009
1043,1,354,CK001
1044,1,355,SD003
1045,1,355,CK001
1046,1,356,CK003
1047,1,356,SD005
1048,1,357,SD001
1049,1,357,SD006
1050,1,357,CK004
1051,2,357,SD010
1052,1,357,PZ003
1053,1,358,SD002
1054,1,358,BG001
1055,1,358,PZ008
1056,2,359,CK002
1057,3,359,BG002
1058,1,359,DR008
1059,2,360,DS006
1060,3,360,DS004
1061,1,361,PZ005
1062,1,362,DR004
1063,3,363,DR011
1064,2,363,DS010
1065,1,363,PZ004
1066,3,364,DS002
1067,1,364,CK003
1068,2,364,DR008
1069,1,364,PZ005
1070,1,364,DS002
1071,1,365,CK003
1072,2,366,PZ004
1073,1,367,DR005
1074,3,367,PZ008
1075,1,367,SD001
1076,1,367,DR005
1077,2,367,SD001
1078,2,368,SD009
1079,1,368,DS010
1080,2,368,DR005
1081,1,368,SD002
1082,1,368,PZ008
1083,1,369,SD009
1084,1,369,DS010
1085,1,369,PZ001
1086,1,370,CK001
1087,1,370,SD005
1088,1,370,PZ010
1089,3,371,DR002
1090,1,371,DR007
1091,1,371,PZ006
1092,1,372,CK004
1093,3,372,CK009
1094,1,372,BG005
1095,1,372,DR002
1096,3,372,BG007
1097,1,373,SD009
1098,1,373,DR008
1099,1,373,PZ007
1100,1,374,CK008
1101,1,375,SD005
1102,1,375,DS004
1103,1,375,SD010
1104,1,375,DR006
1105,1,376,BG009
1106,1,377,PZ010
1107,1,378,SD004
1108,2,378,PZ002
1109,3,378,DS002
1110,1,379,DR007
1111,1,379,BG009
1112,1,379,DS008
1113,1,379,DR009
1114,1,379,SD001
1115,1,380,PZ003
1116,3,380,CK003
1117,1,380,DS006
1118,1,380,DR004
1119,1,380,PZ010
1120,1,381,SD006
1121,1,381,BG004
1122,1,382,BG009
1123,1,382,PZ002
1124,3,382,BG005
1125,3,382,PZ002
1126,1,383,DS007
1127,1,384,PZ009
1128,1,384,DS005
1129,1,384,DS006
1130,1,384,CK002
1131,1,385,BG006
1132,1,385,PZ002
1133,1,386,DR009
1134,1,387,DS009
1135,1,388,DR011
1136,2,389,DS005
1137,3,389,BG003
1138,1,389,DS001
1139,1,389,DS001
1140,1,390,BG006
1141,1,390,DS002
1142,1,391,DS008
1143,1,391,DS002
1144,1,391,DR010
1145,1,391,PZ008
1146,1,392,SD010
1147,1,392,BG003
1148,1,392,BG002
1149,1,393,BG011
1150,1,393,PZ004
1151,3,393,PZ004
1152,1,393,CK009
1153,2,394,CK007
1154,3,394,DR005
1155,1,395,SD001
1156,1,395,DS009
1157,1,395,BG003
1158,3,395,PZ008
1159,1,396,CK009
1160,1,396,PZ002
1161,1,396,BG009
1162,3,396,BG006
1163,1,397,DR006
1164,1,398,DR010
1165,1,399,BG006
1166,1,399,DS006
1167,2,399,BG005
1168,1,400,CK003
1169,1,400,BG007
1170,3,400,DR009
1171,1,400,DS001
1172,1,401,BG009
1173,2,402,DS008
1174,1,402,SD008
1175,3,403,DR002
1176,1,403,SD007
1177,1,403,DS001
1178,1,404,CK005
1179,1,404,DR003
1180,1,405,DR007
1181,1,405,CK006
1182,1,405,BG009
1183,1,406,SD007
1184,1,407,PZ004
1185,1,408,SD008
1186,1,408,DR008
1187,1,408,BG002
1188,2,408,CK003
1189,2,409,DR004
1190,2,409,DR001
1191,1,409,CK005
1192,1,409,CK007
1193,3,409,BG007
1194,1,410,SD003
1195,2,411,BG001
1196,1,411,SD010
1197,3,412,DS010
1198,1,412,BG007
1199,1,413,DS004
1200,1,413,DS010
1201,1,413,DR006
1202,1,413,DR009
1203,1,414,DR009
1204,1,414,PZ009
1205,1,415,BG010
1206,1,415,DR002
1207,2,416,PZ007
1208,1,417,SD005
1209,2,417,BG010
1210,1,417,DR001
1211,3,417,SD004
1212,1,418,SD005
1213,3,418,DS004
1214,1,419,PZ010
1215,1,419,BG005
1216,1,419,BG008
1217,3,419,SD011
1218,2,419,DR008
1219,2,420,BG004
1220,1,421,DS002
1221,1,421,SD001
1222,1,421,SD009
1223,1,421,BG009
1224,1,421,DS008
1225,1,422,DR011
1226,1,422,DR002
1227,1,423,PZ007
1228,1,423,CK001
1229,2,423,SD005
1230,1,423,SD002
1231,2,423,SD005
1232,1,424,BG008
1233,1,425,BG003
1234,1,425,DS006
1235,1,426,SD005
1236,3,426,BG003
1237,1,426,PZ001
1238,3,426,DS006
1239,1,426,SD003
1240,1,427,CK009
1241,1,427,PZ003
1242,1,427,BG007
1243,1,427,PZ007
1244,3,427,CK005
1245,1,428,BG009
1246,1,428,SD011
1247,1,428,BG008
1248,1,429,PZ005
1249,1,429,SD005
1250,2,429,SD006
1251,1,430,BG004
1252,1,430,PZ009
1253,1,430,SD001
1254,1,431,DR001
1255,1,431,DS002
1256,1,432,DS010
1257,2,432,DR011
1258,1,432,SD007
1259,1,433,BG005
1260,1,433,SD003
1261,1,433,CK003
1262,2,433,DR011
1263,3,433,PZ001
1264,3,434,BG004
1265,1,435,DR001
1266,1,435,SD006
1267,2,435,PZ007
1268,2,435,CK001
1269,1,436,PZ001
1270,1,437,CK002
1271,3,438,DS007
1272,1,438,DS003
1273,3,438,PZ009
1274,1,439,DS002
1275,3,439,DS002
1276,3,439,DS002
1277,1,439,BG008
1278,3,440,DR001
1279,1,440,CK003
1280,1,440,PZ007
1281,3,440,BG001
1282,1,441,PZ006
1283,1,442,DR003
1284,1,442,DR010
1285,1,442,CK007
1286,3,442,SD011
1287,1,443,CK007
1288,1,443,DR011
1289,1,443,CK002
1290,1,443,BG009
1291,2,443,BG003
1292,1,444,PZ001
1293,1,444,DS004
1294,1,444,BG009
1295,1,445,PZ008
1296,1,446,DS005
1297,1,447,CK008
1298,1,447,DR007
1299,1,447,CK001
1300,1,447,PZ001
1301,1,447,DR007
1302,1,448,DS002
1303,1,449,DS008
1304,1,449,BG011
1305,1,449,SD005
1306,1,449,BG005
1307,3,449,PZ010
1308,1,450,CK002
1309,2,450,BG006
1310,1,450,SD004
1311,3,451,CK003
1312,3,451,CK005
1313,2,452,SD009
1314,1,452,BG007
1315,3,452,BG007
1316,1,452,BG002
1317,1,452,DR002
1318,1,453,SD004
1319,3,454,PZ007
1320,1,454,PZ004
1321,3,454,PZ008
1322,3,454,SD002
1323,1,454,CK003
1324,1,455,SD002
1325,1,455,SD005
1326,1,455,PZ005
1327,1,456,SD011
1328,1,457,PZ007
1329,1,457,DS001
1330,1,458,DS003
1331,1,458,BG001
1332,1,458,DR009
1333,2,459,DR004
1334,1,459,BG001
1335,1,459,BG007
1336,1,460,PZ006
1337,1,460,DR001
1338,3,460,SD003
1339,1,460,DR008
1340,3,460,PZ002
1341,1,461,CK008
1342,1,461,DR007
1343,1,461,DR007
1344,1,461,DR007
1345,1,461,CK009
1346,1,462,DR006
1347,1,462,SD011
1348,3,462,PZ003
1349,1,462,SD001
1350,1,462,SD004
1351,1,463,DR007
1352,3,464,BG005
1353,1,464,PZ003
1354,2,465,DS001
1355,2,465,PZ006
1356,1,465,BG006
1357,2,465,BG011
1358,1,465,CK003
1359,1,466,PZ010
1360,3,466,DR007
1361,1,466,CK001
1362,1,466,PZ003
1363,1,466,SD007
1364,1,467,PZ010
1365,1,468,PZ002
1366,3,469,DR007
1367,1,469,DS002
1368,1,469,SD011
1369,3,470,DS002
1370,1,470,SD004
1371,1,470,BG009
1372,1,471,BG005
1373,1,471,PZ001
1374,1,471,BG006
1375,1,471,DR003
1376,1,472,CK001
1377,1,473,DR010
1378,1,473,BG002
1379,2,473,DS009
1380,3,473,DR002
1381,1,473,PZ009
1382,1,474,DS008
1383,2,474,BG006
1384,2,474,BG009
1385,1,474,BG011
1386,3,474,DR005
1387,1,475,BG008
1388,1,476,DR008
1389,2,477,DS001
1390,3,477,DR003
1391,1,478,DR008
1392,1,478,CK005
1393,1,478,DR003
1394,2,478,SD008
1395,2,478,BG005
1396,1,479,SD003
1397,1,479,DS005
1398,3,480,PZ004
1399,1,480,PZ004
1400,1,480,PZ005
1401,1,480,SD009
1402,1,480,DR008
1403,1,481,CK006
1404,1,481,PZ009
1405,3,482,PZ006
1406,1,482,BG001
1407,1,482,BG007
1408,1,482,CK001
1409,1,483,DR003
1410,1,483,DR006
1411,1,484,BG001
1412,1,484,DR005
1413,3,485,SD007
1414,1,486,SD002
1415,1,486,SD009
1416,1,486,DS007
1417,3,486,BG004
1418,1,487,DR002
1419,1,488,CK005
1420,2,489,CK002
1421,1,490,SD005
1422,1,490,DS003
1423,2,490,CK008
1424,3,491,PZ003
1425,1,491,BG002
1426,1,492,SD011
1427,1,492,CK009
1428,1,492,DR009
1429,1,492,SD009
1430,1,493,DR006
1431,1,493,SD005
1432,1,493,DS005
1433,1,493,DR005
1434,2,494,CK007
1435,1,494,CK009
1436,3,494,BG007
1437,3,495,CK001
1438,1,495,DR001
1439,2,495,CK003
1440,1,495,CK001
1441,2,495,PZ004
1442,1,496,BG002
1443,1,496,SD005
1444,3,496,CK007
1445,1,496,DR011
1446,3,497,BG005
1447,1,497,BG010
1448,2,498,SD002
1449,1,498,SD002
1450,1,498,DS002
1451,3,498,SD008
1452,1,499,PZ004
1453,1,499,PZ007
1454,1,499,SD003
1455,2,499,DR003
1456,1,500,SD011
1457,2,500,BG007
1458,1,500,SD009
1459,3,501,CK006
1460,1,501,DS001
1461,1,501,SD002
1462,1,501,DR007
1463,2,501,SD009
1464,1,502,SD007
1465,1,502,BG003
1466,1,503,CK007
1467,1,504,DS001
1468,2,504,SD003
1469,2,504,PZ004
1470,1,504,SD005
1471,1,505,BG007
1472,1,505,BG004
1473,3,506,PZ009
1474,1,506,DS009
1475,1,506,DS008
1476,1,507,BG011
1477,1,507,CK002
1478,1,507,BG005
1479,1,507,DS006
1480,2,508,DS007
1481,2,508,CK007
1482,3,508,DR009
1483,3,509,SD002
1484,1,509,SD010
1485,1,509,SD001
1486,1,510,SD008
1487,3,510,SD002
1488,1,510,DR004
1489,1,510,BG001
1490,1,510,BG004
1491,1,511,DR007
1492,1,512,SD007
1493,1,512,CK006
1494,2,512,SD009
1495,1,512,DS001
1496,1,512,SD001
1497,1,513,DS002
1498,2,513,CK004
1499,1,514,SD004
1500,1,514,DS008
1501,1,514,PZ010
1502,2,515,DS007
1503,1,516,BG002
1504,1,516,PZ008
1505,3,516,DS004
1506,3,517,DR007
1507,2,518,BG004
1508,1,518,BG006
1509,1,518,SD007
1510,3,518,PZ003
1511,1,519,DR008
1512,1,519,SD005
1513,1,519,DR010
1514,1,519,PZ005
1515,1,520,DS003
1516,1,520,DS007
1517,1,520,BG010
1518,2,520,DR009
1519,1,520,DR007
1520,1,521,DS001
1521,1,521,BG009
1522,1,521,BG010
1523,1,522,DR001
1524,1,522,CK002
1525,1,522,SD007
1526,1,522,DR001
1527,2,523,SD010
1528,2,524,DR008
1529,1,524,SD004
1530,2,524,BG001
1531,1,525,SD009
1532,1,525,DR010
1533,3,525,DR008
1534,1,525,CK009
1535,1,526,BG005
1536,2,526,BG007
1537,1,526,DS003
1538,1,526,DR008
1539,1,527,PZ009
1540,2,528,CK003
1541,1,528,BG003
1542,2,528,DR004
1543,2,529,CK005
1544,1,529,DR005
1545,2,530,DS005
1546,1,530,CK004
1547,1,530,DR006
1548,2,531,DS003
1549,1,531,BG006
1550,3,531,BG008
1551,1,531,CK004
1552,1,531,DS003
1553,3,532,DS003
1554,1,532,SD007
1555,1,532,DR003
1556,1,532,SD008
1557,1,533,CK006
1558,1,533,DR006
1559,1,533,DS001
1560,1,534,DS001
1561,1,534,DS005
1562,1,535,CK003
1563,1,535,SD005
1564,1,535,BG008
1565,2,535,PZ006
1566,1,536,PZ008
1567,2,536,CK002
1568,1,536,PZ001
1569,3,537,DS004
1570,1,538,BG006
1571,1,539,DR011
1572,3,539,PZ004
1573,1,539,BG004
1574,1,539,BG003
1575,1,540,SD002
1576,1,541,DR011
1577,1,541,CK004
1578,2,542,DS010
1579,3,543,SD001
1580,3,543,DR007
1581,1,543,DR001
1582,2,544,PZ002
1583,3,544,CK004
1584,1,544,DS001
1585,1,544,SD004
1586,1,545,SD004
1587,1,545,PZ009
1588,2,546,CK004
1589,1,546,BG009
1590,1,546,SD005
1591,1,546,DR008
1592,3,546,CK007
1593,1,547,DR003
1594,2,547,BG003
1595,1,547,DS004
1596,1,547,DS002
1597,1,548,DS008
1598,1,548,DR001
1599,1,548,DR002
1600,1,548,CK007
1601,1,549,SD006
1602,2,549,DR003
1603,3,549,PZ007
1604,1,549,DR011
1605,1,550,CK004
1606,1,550,CK003
1607,1,550,DS007
1608,1,550,PZ004
1609,3,550,SD001
1610,1,551,SD008
1611,1,551,DS002
1612,1,551,DS002
1613,1,552,BG009
1614,1,552,DR003
1615,1,552,CK002
1616,2,552,BG002
1617,2,552,SD006
1618,2,553,PZ001
1619,1,553,DR007
1620,3,553,DS001
1621,3,553,CK007
1622,1,553,DR001
1623,1,554,SD002
1624,1,554,BG003
1625,1,554,PZ001
1626,1,554,DR004
1627,1,555,PZ007
1628,2,555,DS010
1629,1,555,CK002
1630,1,556,DR008
1631,1,556,BG011
1632,1,556,SD004
1633,1,556,CK008
1634,2,556,PZ008
1635,1,557,PZ005
1636,1,557,DS002
1637,1,558,DR008
1638,1,558,PZ004
1639,2,558,CK004
1640,1,558,BG011
1641,1,559,CK002
1642,2,559,CK009
1643,1,559,PZ009
1644,3,560,DR010
1645,1,560,CK004
1646,3,560,CK004
1647,1,560,DR007
1648,1,561,SD004
1649,1,561,BG001
1650,1,561,DR002
1651,2,561,DR006
1652,2,561,CK009
1653,1,562,CK009
1654,2,562,PZ010
1655,1,563,PZ008
1656,2,563,PZ008
1657,2,564,DR002
1658,2,565,SD011
1659,3,565,CK009
1660,1,565,DS010
1661,3,565,CK007
1662,1,565,CK003
1663,2,566,SD002
1664,1,566,PZ008
1665,1,566,SD009
1666,1,566,DS007
1667,1,567,SD002
1668,2,568,PZ009
1669,1,568,DS007
1670,2,568,SD002
1671,3,569,SD003
1672,2,569,PZ006
1673,1,569,PZ007
1674,1,570,CK006
1675,1,570,CK005
1676,1,570,PZ001
1677,1,571,DS010
1678,3,571,PZ010
1679,1,571,BG011
1680,1,571,BG002
1681,1,571,PZ003
1682,2,572,PZ009
1683,1,572,DS005
1684,1,572,DS002
1685,1,572,CK004
1686,1,573,DR006
1687,1,574,DS003
1688,1,574,BG009
1689,1,574,PZ007
1690,1,574,PZ002
1691,1,574,DS003
1692,3,575,BG009
1693,1,575,DS002
1694,1,575,CK004
1695,3,575,BG003
1696,1,576,DS007
1697,3,576,SD005
1698,3,576,DR010
1699,1,577,BG011
1700,2,577,BG003
1701,3,578,SD009
1702,1,578,DR008
1703,1,578,BG008
1704,1,579,DR008
1705,3,579,DS008
1706,1,579,CK009
1707,1,580,DS008
1708,2,580,SD011
1709,1,580,DR003
1710,1,580,DS005
1711,3,580,DR011
1712,1,581,CK008
1713,2,582,SD003
1714,1,582,BG004
1715,1,582,DR002
1716,1,582,BG005
1717,3,582,BG007
1718,1,583,DS010
1719,2,583,DS004
1720,1,583,PZ001
1721,1,584,DR009
1722,1,584,DS007
1723,1,584,DS008
1724,1,584,PZ004
1725,2,584,DR010
1726,1,585,PZ002
1727,2,585,DR001
1728,1,586,SD011
1729,2,586,DR010
1730,1,586,CK002
1731,1,586,PZ006
1732,1,587,DR011
1733,1,587,SD005
1734,2,587,BG010
1735,1,587,SD005
1736,3,587,PZ010
1737,1,588,PZ006
1738,1,588,CK009
1739,1,588,DR011
1740,2,588,CK001
1741,1,588,PZ006
1742,2,589,SD009
1743,1,589,CK003
1744,1,589,DS003
1745,1,589,SD005
1746,1,590,CK007
1747,1,590,BG006
1748,2,590,CK001
1749,1,590,SD004
1750,1,591,DS002
1751,2,591,DR002
1752,2,592,DR004
1753,1,592,SD002
1754,1,592,DR001
1755,1,593,DS009
1756,2,593,SD008
1757,2,594,CK008
1758,1,594,BG004
1759,2,595,CK004
1760,1,596,CK006
1761,1,596,SD007
1762,1,596,BG011
1763,1,596,DR006
1764,1,597,DR006
1765,1,598,SD005
1766,2,598,DS003
1767,3,598,DR009
1768,3,598,DS006
1769,1,598,DS001
1770,3,599,CK006
1771,1,600,DS009
1772,1,600,CK008
1773,3,600,BG011
1774,1,601,BG010
1775,1,601,BG007
1776,1,601,DR003
1777,1,601,BG009
1778,1,602,SD007
1779,1,602,SD006
1780,1,602,DS007
1781,1,602,CK009
1782,2,602,PZ001
1783,3,603,CK005
1784,1,603,DR003
1785,1,603,SD004
1786,1,604,CK001
1787,1,604,BG011
1788,1,604,SD005
1789,1,604,CK008
1790,3,604,CK001
1791,1,605,BG005
1792,1,606,DR009
1793,1,606,DS002
1794,2,606,BG005
1795,1,606,BG004
1796,3,607,DS009
1797,1,607,BG007
1798,1,607,DS005
1799,2,607,DR009
1800,3,607,DR009
1801,1,608,PZ002
1802,1,608,CK006
1803,2,608,DS009
1804,2,608,PZ001
1805,1,608,SD010
1806,1,609,PZ005
1807,1,610,DR009
1808,1,610,PZ009
1809,2,611,BG005
1810,1,611,DS006
1811,3,611,CK003
1812,2,612,CK001
1813,1,613,PZ010
1814,2,614,DS008
1815,1,614,DR001
1816,3,615,BG011
1817,1,615,PZ009
1818,1,615,SD009
1819,1,615,SD011
1820,1,616,DR004
1821,3,617,PZ010
1822,1,617,SD011
1823,1,618,BG002
1824,1,618,SD011
1825,1,618,BG004
1826,3,618,BG005
1827,2,618,BG005
1828,1,619,PZ007
1829,1,619,SD008
1830,1,619,CK001
1831,2,619,BG008
1832,1,620,BG001
1833,1,620,PZ005
1834,3,620,DR002
1835,1,621,SD005
1836,1,621,CK002
1837,1,621,DR001
1838,1,622,SD009
1839,1,622,SD010
1840,1,623,DS004
1841,3,623,BG009
1842,1,623,PZ002
1843,1,623,DR011
1844,2,624,SD005
1845,1,624,DR007
1846,1,624,BG010
1847,3,625,CK003
1848,1,625,SD001
1849,2,625,CK009
1850,1,625,DS009
1851,1,625,BG007
1852,3,626,BG005
1853,1,626,SD003
1854,2,627,DR003
1855,2,627,CK007
1856,1,627,PZ008
1857,3,627,SD007
1858,1,627,DS003
1859,3,628,DS003
1860,1,628,PZ004
1861,1,629,DS005
1862,1,629,SD010
1863,1,630,DS010
1864,1,630,BG010
1865,1,630,PZ005
1866,3,630,DS002
1867,1,631,BG004
1868,1,631,DS005
1869,1,632,PZ004
1870,3,632,DR006
1871,2,633,BG004
1872,1,633,DR004
1873,1,633,DR008
1874,1,634,SD004
1875,2,635,DR003
1876,1,635,BG001
1877,1,635,PZ001
1878,1,636,PZ009
1879,1,637,CK001
1880,2,637,DS007
1881,3,637,DS001
1882,1,637,SD006
1883,1,638,CK006
1884,2,638,SD011
1885,2,638,BG001
1886,1,638,CK009
1887,1,639,CK006
1888,3,639,DS007
1889,2,639,DR011
1890,3,640,CK001
1891,1,640,DS010
1892,1,640,CK004
1893,1,641,BG005
1894,1,641,SD009
1895,1,641,CK003
1896,1,641,DR002
1897,1,641,PZ006
1898,2,642,CK004
1899,3,642,PZ002
1900,1,642,CK006
1901,3,642,BG008
1902,1,643,SD001
1903,3,643,PZ008
1904,1,643,DR005
1905,1,643,BG011
1906,1,643,PZ001
1907,1,644,DR001
1908,2,644,PZ008
1909,1,644,DR006
1910,1,645,DR011
1911,2,645,CK005
1912,2,645,PZ009
1913,1,645,PZ005
1914,1,645,DR005
1915,3,646,BG010
1916,1,646,CK006
1917,1,646,PZ002
1918,1,647,BG005
1919,1,647,DR009
1920,1,647,BG002
1921,1,648,DS010
1922,1,648,SD010
1923,3,648,DS003
1924,3,649,DS006
1925,1,649,BG008
1926,3,649,BG002
1927,1,650,PZ002
1928,1,650,BG005
1929,3,650,CK008
1930,1,651,CK001
1931,1,652,SD002
1932,1,652,BG002
1933,3,652,PZ008
1934,1,652,DR010
1935,1,652,DS010
1936,1,653,BG007
1937,1,653,CK005
1938,1,653,SD010
1939,2,653,SD004
1940,1,654,PZ003
1941,2,654,SD007
1942,1,654,BG001
1943,1,655,DR006
1944,1,655,DR009
1945,1,655,DS003
1946,1,655,DS009
1947,2,656,DR009
1948,1,657,SD005
1949,3,657,CK004
1950,2,657,SD001
1951,3,658,SD007
1952,1,658,BG011
1953,1,658,PZ006
1954,1,658,BG010
1955,2,659,CK007
1956,1,659,BG011
1957,1,659,BG006
1958,2,660,BG007
1959,1,660,CK007
1960,1,661,SD009
1961,2,662,SD007
1962,1,662,DS004
1963,3,662,CK004
1964,2,662,DS010
1965,1,662,PZ003
1966,1,663,PZ006
1967,3,663,DS004
1968,3,663,DS001
1969,1,663,SD002
1970,2,663,BG010
1971,2,664,DR002
1972,1,664,BG004
1973,3,664,CK001
1974,1,664,DS004
1975,2,665,BG006
1976,2,666,DR001
1977,1,666,CK007
1978,2,666,CK003
1979,1,666,BG007
1980,1,667,CK002
1981,1,667,BG002
1982,2,667,CK003
1983,3,667,BG011
1984,1,668,DS003
1985,1,668,SD004
1986,1,668,CK003
1987,1,669,BG011
1988,1,669,CK007
1989,1,669,DS005
1990,1,669,CK008
1991,2,669,PZ010
1992,1,670,DR003
1993,1,670,DR008
1994,1,671,SD007
1995,1,671,DR005
1996,1,671,DR001
1997,3,672,PZ002
1998,1,672,DS004
1999,3,672,BG006
2000,1,673,DS004
2001,2,673,SD009
2002,1,674,SD003
2003,1,674,SD003
2004,1,675,CK005
2005,1,676,DS008
2006,3,676,DR003
2007,1,676,CK006
2008,2,677,DR002
2009,1,677,SD008
2010,1,677,BG002
2011,1,678,CK007
2012,1,679,SD010
2013,1,680,CK002
2014,1,681,DR011
2015,2,681,BG009
2016,1,681,DS008
2017,1,681,DR008
2018,1,682,DR011
2019,3,682,BG001
2020,1,683,DR003
2021,1,683,DR008
2022,1,684,BG010
2023,1,685,SD005
2024,1,685,CK006
2025,1,686,CK008
2026,1,686,BG001
2027,1,686,SD009
2028,2,686,BG003
2029,1,686,DS007
2030,1,687,PZ008
2031,3,687,DR007
2032,2,688,PZ005
2033,3,689,SD009
2034,2,689,DR005
2035,3,689,DR007
2036,1,689,BG005
2037,1,689,CK004
2038,2,690,BG006
2039,1,690,PZ010
2040,1,691,PZ009
2041,1,692,CK005
2042,1,692,CK005
2043,1,693,PZ007
2044,2,693,PZ002
2045,2,694,PZ001
2046,1,694,DR008
2047,3,695,BG008
2048,1,695,DR008
2049,1,695,DS008
2050,3,695,CK003
2051,1,695,DR011
2052,2,696,SD005
2053,1,696,CK004
2054,1,697,SD011
2055,1,698,DR007
2056,1,698,DS009
2057,1,699,DR011
2058,1,700,PZ005
2059,1,701,DS003
2060,1,701,SD011
2061,1,701,BG002
2062,1,701,BG004
2063,1,702,BG008
2064,1,702,CK009
2065,1,702,SD003
2066,3,702,DR007
2067,1,702,CK006
2068,3,703,PZ007
2069,1,703,SD002
2070,1,704,PZ007
2071,1,704,SD007
2072,1,704,BG007
2073,1,704,CK007
2074,1,705,DS008
2075,1,705,BG008
2076,1,706,BG003
2077,2,706,DR011
2078,1,706,PZ008
2079,1,706,CK003
2080,1,706,BG007
2081,1,707,DS007
2082,1,707,SD001
2083,1,707,CK008
2084,2,707,BG009
2085,2,708,PZ004
2086,1,708,PZ003
2087,2,709,PZ004
2088,2,709,PZ001
2089,1,710,PZ007
2090,1,711,DR009
2091,1,711,BG011
2092,3,711,PZ004
2093,1,711,BG006
2094,1,711,CK005
2095,2,712,PZ004
2096,2,713,DS004
2097,2,713,DR007
2098,1,713,DR002
2099,1,714,DS003
2100,1,714,PZ009
2101,1,714,DS009
2102,3,715,DR006
2103,1,716,SD005
2104,1,716,BG005
2105,1,716,SD010
2106,1,716,DR001
2107,2,716,BG005
2108,1,717,DS007
2109,1,717,PZ004
2110,2,717,SD002
2111,1,718,DR007
2112,2,719,SD009
2113,1,719,SD005
2114,3,719,CK006
2115,1,720,DR005
2116,1,721,DR010
2117,1,721,PZ008
2118,2,722,DS007
2119,3,722,SD006
2120,2,723,CK006
2121,3,723,DR001
2122,1,724,SD005
2123,1,724,DR011
2124,2,724,DR009
2125,1,725,SD005
2126,1,725,PZ001
2127,1,726,BG002
2128,2,726,DS005
2129,2,726,DR002
2130,1,726,CK002
2131,1,727,DR001
2132,1,728,BG011
2133,1,728,DR001
2134,3,729,BG007
2135,1,729,BG006
2136,3,729,SD010
2137,1,730,SD004
2138,1,730,SD010
2139,1,730,BG001
2140,1,731,DS008
2141,2,731,CK002
2142,1,731,SD011
2143,2,731,DS002
2144,1,731,DR008
2145,1,732,DS007
2146,2,733,PZ007
2147,1,733,BG004
2148,1,734,CK005
2149,3,734,PZ009
2150,1,734,CK006
2151,1,734,BG001
2152,2,734,CK004
2153,1,735,DR010
2154,1,736,SD011
2155,1,737,PZ004
2156,1,737,PZ004
2157,1,737,BG005
2158,1,737,DR006
2159,1,738,PZ004
2160,1,738,DR005
2161,1,738,BG009
2162,1,739,CK003
2163,1,740,BG010
2164,3,740,PZ008
2165,1,740,DR010
2166,1,740,BG003
2167,2,740,BG008
2168,1,741,DS004
2169,2,741,BG001
2170,1,742,DR009
2171,1,742,DS006
2172,1,742,BG009
2173,3,743,DR006
2174,3,743,BG003
2175,1,743,PZ006
2176,2,743,DS001
2177,1,743,SD011
2178,2,744,SD006
2179,2,745,DR009
2180,1,745,SD008
2181,1,745,BG004
2182,1,745,CK004
2183,1,745,PZ010
2184,1,746,BG004
2185,1,747,DS001
2186,3,747,DR010
2187,1,747,SD003
2188,3,748,DS010
2189,1,748,BG006
2190,2,748,PZ006
2191,3,748,SD005
2192,2,748,DR007
2193,3,749,DS010
2194,1,749,DR002
2195,3,749,PZ006
2196,1,749,BG007
2197,1,749,DR008
2198,1,750,CK008
2199,3,751,DS002
2200,1,751,DS004
2201,2,752,DS007
2202,1,753,DR006
2203,1,753,PZ009
2204,1,754,PZ007
2205,2,754,DR001
2206,2,754,DR010
2207,3,754,PZ002
2208,1,754,PZ001
2209,3,755,SD009
2210,1,756,BG006
2211,1,756,CK006
2212,3,756,BG008
2213,2,757,SD003
2214,1,757,DS010
2215,1,757,BG008
2216,1,757,PZ003
2217,3,758,CK007
2218,1,758,BG004
2219,1,759,BG003
2220,1,759,DS004
2221,1,760,SD005
2222,1,760,SD007
2223,1,760,DS007
2224,1,761,PZ003
2225,1,761,DR008
2226,2,761,BG010
2227,2,762,PZ002
2228,2,762,DS007
2229,3,762,PZ004
2230,1,763,SD005
2231,1,763,SD003
2232,1,763,BG002
2233,3,764,PZ003
2234,2,764,DR004
2235,1,764,DS009
2236,1,764,PZ005
2237,3,765,CK008
2238,1,765,SD001
2239,1,765,PZ006
2240,2,765,PZ004
2241,1,765,PZ008
2242,1,766,DS006
2243,1,766,DS006
2244,1,767,BG005
2245,1,767,BG007
2246,3,768,PZ002
2247,1,768,CK002
2248,1,769,CK002
2249,1,770,BG010
2250,1,770,PZ003
2251,1,771,DR009
2252,1,771,PZ008
2253,1,771,SD008
2254,2,771,DS009
2255,2,771,CK005
2256,1,772,CK001
2257,1,772,DR007
2258,1,772,PZ010
2259,1,772,SD003
2260,1,772,PZ005
2261,1,773,DR005
2262,1,774,CK003
2263,1,775,CK003
2264,1,775,PZ005
2265,2,776,SD011
2266,1,776,BG005
2267,1,776,CK005
2268,1,776,DS009
2269,1,776,CK007
2270,1,777,DR006
2271,1,777,SD004
2272,1,777,DR003
2273,2,778,SD003
2274,1,778,SD001
2275,1,778,DR001
2276,3,779,PZ001
2277,1,780,PZ001
2278,1,780,DS003
2279,3,780,PZ002
2280,2,780,DR011
2281,1,781,BG003
2282,1,782,CK001
2283,2,782,BG008
2284,1,783,CK007
2285,1,783,PZ004
2286,3,783,DS010
2287,1,783,PZ006
2288,1,784,BG003
2289,2,784,BG010
2290,1,785,DS004
2291,1,785,CK008
2292,1,785,BG002
2293,1,785,BG006
2294,2,786,DS008
2295,2,786,DR009
2296,2,787,SD002
2297,1,787,CK004
2298,1,787,DS005
2299,1,787,BG003
2300,1,787,DS002
2301,1,788,BG003
2302,1,789,CK007
2303,3,789,CK002
2304,1,789,DS006
2305,2,789,CK005
2306,1,789,PZ006
2307,1,790,SD003
2308,1,790,SD010
2309,3,790,BG006
2310,3,790,CK006
2311,2,790,BG005
2312,1,791,BG008
2313,1,792,PZ008
2314,1,792,SD008
2315,1,792,SD004
2316,2,792,DR002
2317,3,792,DR011
2318,1,793,PZ005
2319,1,794,DR009
2320,1,794,DS004
2321,1,794,DR007
2322,1,795,DR011
2323,1,795,CK003
2324,1,795,CK008
2325,2,795,DR009
2326,2,796,CK009
2327,2,796,BG005
2328,1,796,BG009
2329,1,796,SD011
2330,1,796,DR008
2331,2,797,CK001
2332,1,797,CK008
2333,1,797,PZ001
2334,1,797,PZ005
2335,1,797,BG002
2336,3,798,PZ003
2337,3,799,CK003
2338,1,799,BG003
2339,1,799,CK004
2340,1,800,DS006
2341,1,801,CK006
2342,1,802,DS002
2343,3,802,PZ008
2344,2,802,CK006
2345,3,802,SD006
2346,1,802,SD009
2347,1,803,CK006
2348,1,803,CK003
2349,1,804,DS004
2350,2,804,DS001
2351,1,804,SD008
2352,1,804,DS002
2353,1,804,PZ007
2354,2,805,DR001
2355,1,805,PZ003
2356,2,805,BG008
2357,1,805,SD005
2358,1,805,CK002
2359,1,806,DR010
2360,1,806,DR002
2361,2,806,PZ007
2362,1,806,PZ004
2363,2,807,BG011
2364,1,807,CK007
2365,3,807,PZ007
2366,1,807,DS007
2367,2,808,DS008
2368,3,808,SD007
2369,1,808,BG004
2370,1,808,CK005
2371,1,808,PZ006
2372,1,809,PZ009
2373,1,810,CK005
2374,1,810,DS008
2375,1,811,DS004
2376,2,812,SD010
2377,1,812,DR011
2378,1,812,SD003
2379,1,813,DS010
2380,1,814,BG003
2381,1,815,PZ001
2382,1,815,BG011
2383,1,815,SD009
2384,1,815,DS008
2385,1,816,SD011
2386,1,816,BG003
2387,2,816,DR010
2388,2,817,CK007
2389,1,817,SD010
2390,1,817,CK004
2391,1,817,SD009
2392,1,817,CK005
2393,1,818,DR003
2394,1,818,CK002
2395,1,818,CK009
2396,1,818,CK004
2397,1,819,DS008
2398,3,819,DR009
2399,1,819,BG007
2400,1,819,PZ002
2401,1,820,SD008
2402,1,820,BG010
2403,2,820,CK006
2404,1,820,PZ010
2405,1,821,SD003
2406,1,821,DR001
2407,1,822,DS004
2408,1,823,BG010
2409,1,824,DR009
2410,1,824,SD007
2411,1,824,DR010
2412,1,824,DR003
2413,1,824,DR008
2414,1,825,SD005
2415,1,825,CK001
2416,1,826,DS008
2417,2,826,BG008
2418,1,826,DS002
2419,1,826,DR008
2420,1,827,PZ010
2421,1,827,PZ002
2422,1,828,DR011
2423,1,828,DS006
2424,1,828,BG010
2425,1,828,DR008
2426,3,828,BG011
2427,2,829,PZ007
2428,1,830,BG001
2429,1,830,DS005
2430,1,830,BG006
2431,1,830,DS009
2432,1,830,CK007
2433,1,831,PZ009
2434,1,831,DS007
2435,1,831,DS003
2436,1,832,CK001
2437,1,832,DR011
2438,2,832,DR009
2439,3,832,SD006
2440,1,832,PZ001
2441,1,833,SD006
2442,1,833,DS008
2443,1,833,SD003
2444,1,833,BG007
2445,1,834,BG004
2446,1,834,SD008
2447,1,834,DR006
2448,1,834,BG009
2449,1,834,PZ002
2450,1,835,DR003
2451,1,835,BG002
2452,2,835,BG009
2453,1,835,DS005
2454,2,836,DS010
2455,1,836,SD001
2456,3,836,BG009
2457,1,836,CK001
2458,1,837,BG006
2459,3,837,PZ010
2460,1,837,DS005
2461,1,837,DS005
2462,1,837,DR009
2463,3,838,SD011
2464,2,838,DR004
2465,1,838,CK001
2466,1,838,CK007
2467,2,838,DS005
2468,3,839,BG007
2469,1,839,DR002
2470,1,839,CK002
2471,2,839,BG011
2472,3,839,CK007
2473,1,840,DR001
2474,1,840,DR007
2475,1,840,SD001
2476,3,840,CK006
2477,3,840,CK001
2478,1,841,SD006
2479,2,841,DS001
2480,2,842,DR006
2481,2,842,BG008
2482,1,842,PZ010
2483,1,842,SD009
2484,1,842,CK002
2485,1,843,PZ009
2486,3,843,DS007
2487,1,843,SD010
2488,3,843,SD003
2489,1,844,SD011
2490,3,844,BG006
2491,1,844,SD007
2492,1,844,SD006
2493,1,845,PZ009
2494,1,845,DR005
2495,1,845,SD001
2496,1,846,BG006
2497,1,846,DS009
2498,3,847,DR009
2499,1,847,CK008
2500,3,848,BG004
2501,1,848,DR007
2502,1,848,DR001
2503,2,848,SD007
2504,1,849,BG007
2505,2,849,CK003
2506,1,849,BG002
2507,2,849,PZ007
2508,1,849,PZ005
2509,1,850,PZ005
2510,1,850,CK006
2511,1,851,PZ005
2512,1,851,DS001
2513,1,851,SD003
2514,1,851,SD008
2515,1,852,DS004
2516,1,852,PZ001
2517,1,852,BG007
2518,1,852,PZ001
2519,3,852,CK001
2520,1,853,CK006
2521,3,853,PZ002
2522,1,853,CK004
2523,1,853,SD008
2524,1,854,BG001
2525,1,854,DR002
2526,1,854,DR006
2527,3,854,SD009
2528,1,855,SD003
2529,1,855,SD005
2530,1,855,DR011
2531,1,855,BG007
2532,1,856,DS007
2533,2,856,DS001
2534,1,857,DS002
2535,2,857,BG009
2536,1,857,DR010
2537,2,857,CK009
2538,1,857,DR011
2539,2,858,DR006
2540,1,859,CK002
2541,1,859,SD006
2542,1,860,CK002
2543,1,860,CK008
2544,1,860,SD006
2545,1,860,CK006
2546,1,860,CK009
2547,1,861,SD007
2548,1,861,DS003
2549,1,862,SD004
2550,2,862,DR004
2551,2,862,DR001
2552,3,862,CK009
2553,3,863,DR005
2554,3,863,CK005
2555,3,864,BG003
2556,1,864,BG008
2557,1,864,BG001
2558,1,865,PZ005
2559,1,865,CK003
2560,1,866,DS009
2561,1,866,DR004
2562,3,866,PZ003
2563,1,866,DR009
2564,1,866,BG001
2565,1,867,SD002
2566,1,867,SD005
2567,3,867,DR006
2568,1,867,CK009
2569,3,867,CK007
2570,1,868,SD005
2571,3,868,SD008
2572,3,869,SD009
2573,2,869,SD005
2574,1,870,SD007
2575,1,870,DR001
2576,1,870,DR010
2577,1,871,DR006
2578,1,871,PZ010
2579,1,872,CK001
2580,3,872,SD001
2581,1,872,PZ003
2582,1,872,DR009
2583,1,873,DS005
2584,3,873,DS001
2585,1,873,BG009
2586,1,873,CK004
2587,1,873,PZ006
2588,1,874,DS002
2589,1,874,BG007
2590,1,874,SD009
2591,2,874,SD001
2592,1,875,DR004
2593,2,875,BG007
2594,1,875,BG001
2595,2,875,PZ006
2596,2,875,PZ003
2597,3,876,SD003
2598,1,876,SD009
2599,3,876,BG006
2600,1,876,SD001
2601,1,877,PZ002
2602,3,878,CK002
2603,1,878,DR009
2604,1,878,BG010
2605,1,878,CK007
2606,1,878,CK007
2607,1,879,BG004
2608,2,880,DS005
2609,1,880,PZ008
2610,3,880,DS002
2611,1,880,SD001
2612,3,881,BG003
2613,2,882,BG004
2614,2,882,DR001
2615,1,882,SD006
2616,1,883,BG003
2617,1,883,SD003
2618,1,883,SD004
2619,2,884,DS004
2620,3,884,SD009
2621,1,884,BG004
2622,1,884,PZ005
2623,3,884,PZ004
2624,1,885,DS004
2625,2,885,DS009
2626,1,885,BG009
2627,1,885,CK008
2628,1,885,DR001
2629,3,886,BG007
2630,1,886,CK002
2631,1,886,CK003
2632,1,886,PZ006
2633,2,887,DS008
2634,1,887,PZ007
2635,1,887,DS002
2636,1,887,BG010
2637,1,888,CK008
2638,2,888,BG003
2639,1,888,PZ004
2640,1,888,CK004
2641,2,889,SD002
2642,1,889,CK005
2643,1,890,CK004
2644,2,891,BG001
2645,1,891,SD004
2646,1,891,SD003
2647,1,891,BG009
2648,1,891,DR002
2649,1,892,BG002
2650,2,892,BG009
2651,1,892,DR003
2652,1,892,SD004
2653,1,892,PZ003
2654,1,893,BG010
2655,1,893,DR010
2656,1,894,BG009
2657,2,894,PZ004
2658,3,894,DS002
2659,3,894,BG006
2660,3,894,BG011
2661,1,895,PZ006
2662,2,895,SD006
2663,3,895,BG008
2664,3,895,DR002
2665,1,895,DS009
2666,1,896,CK002
2667,3,897,PZ003
2668,3,897,BG001
2669,3,897,CK009
2670,1,897,DR010
2671,1,898,CK005
2672,1,898,BG008
2673,1,899,CK003
2674,1,899,DS004
2675,1,899,CK001
2676,2,899,DR011
2677,1,899,DS003
2678,3,900,PZ001
2679,1,900,DR011
2680,3,900,DS005
2681,1,901,PZ006
2682,1,902,CK008
2683,1,902,PZ001
2684,1,902,SD002
2685,1,903,CK002
2686,1,903,DR007
2687,1,903,BG010
2688,1,904,PZ008
2689,1,904,PZ002
2690,1,904,BG004
2691,1,905,SD002
2692,1,905,DS004
2693,2,905,SD011
2694,1,906,CK008
2695,2,906,DR002
2696,1,907,DR004
2697,1,908,SD001
2698,1,908,DS003
2699,2,908,PZ001
2700,1,908,BG001
2701,1,909,BG002
2702,2,910,BG007
2703,1,910,BG010
2704,1,911,SD009
2705,1,911,BG001
2706,1,911,PZ007
2707,1,911,BG001
2708,3,911,SD007
2709,1,912,CK006
2710,1,912,CK003
2711,2,912,BG001
2712,1,912,CK005
2713,1,913,BG006
2714,1,913,DS004
2715,2,913,DS008
2716,1,913,SD004
2717,1,914,SD010
2718,1,915,CK005
2719,1,915,SD006
2720,1,915,SD008
2721,3,915,SD005
2722,1,916,DR005
2723,1,916,BG005
2724,1,916,PZ005
2725,1,916,DS008
2726,3,917,CK008
2727,1,917,CK004
2728,3,918,DS005
2729,1,918,BG007
2730,1,919,SD002
2731,1,919,CK007
2732,1,919,DS004
2733,1,919,BG006
2734,1,920,BG006
2735,1,920,BG010
2736,1,921,DR002
2737,2,921,SD001
2738,1,921,SD008
2739,2,922,PZ002
2740,1,922,SD008
2741,3,922,DS005
2742,1,922,CK001
2743,2,922,DR002
2744,1,923,CK004
2745,1,923,SD005
2746,1,923,DS009
2747,1,923,PZ002
2748,1,924,SD003
2749,1,924,DS008
2750,1,924,SD007
2751,1,925,BG003
2752,1,925,DR002
2753,2,925,PZ010
2754,2,925,SD001
2755,3,926,DS009
2756,1,926,CK005
2757,1,926,SD011
2758,1,927,DR005
2759,1,927,DS006
2760,1,927,SD008
2761,2,928,CK006
2762,1,929,DS001
2763,3,929,SD011
2764,1,930,CK004
2765,1,930,SD001
2766,1,930,DS009
2767,1,931,DS005
2768,1,931,DR003
2769,2,931,PZ004
2770,1,931,DS010
2771,1,931,BG003
2772,1,932,DR003
2773,1,932,CK009
2774,3,933,BG004
2775,1,933,DR005
2776,1,934,DS002
2777,1,934,PZ009
2778,3,934,BG004
2779,1,934,SD010
2780,3,934,SD011
2781,1,935,DS009
2782,1,935,SD011
2783,1,936,PZ001
2784,1,936,CK005
2785,1,936,PZ005
2786,1,936,DS010
2787,1,936,BG009
2788,1,937,DR009
2789,3,937,DR006
2790,2,937,DR011
2791,1,937,BG009
2792,1,937,DR002
2793,1,938,DR002
2794,3,938,BG003
2795,1,938,DR002
2796,1,938,DS003
2797,1,938,CK004
2798,1,939,DR008
2799,1,939,DR001
2800,1,939,DS010
2801,1,939,SD011
2802,1,940,PZ007
2803,1,940,PZ008
2804,1,940,BG007
2805,1,940,DR009
2806,1,940,SD003
2807,1,941,DS009
2808,3,941,BG010
2809,1,942,CK007
2810,1,942,SD008
2811,1,942,SD010
2812,1,942,PZ010
2813,1,942,CK005
2814,1,943,DS003
2815,1,944,CK008
2816,1,944,SD011
2817,1,944,BG010
2818,1,945,BG002
2819,3,945,DS002
2820,1,946,BG010
2821,2,946,BG009
2822,1,947,PZ006
2823,1,947,PZ005
2824,2,948,DR005
2825,2,948,DS001
2826,1,948,DR005
2827,2,949,DS002
2828,1,949,DR007
2829,1,949,CK009
2830,1,949,BG008
2831,1,950,BG006
2832,3,950,CK006
2833,1,950,PZ005
2834,1,950,PZ009
2835,1,951,DS006
2836,1,951,CK002
2837,2,951,PZ009
2838,3,951,PZ004
2839,1,952,DR008
2840,1,952,SD008
2841,1,952,DS005
2842,1,952,DS005
2843,1,953,PZ001
2844,1,953,DS003
2845,1,953,DR008
2846,1,953,CK008
2847,2,953,CK007
2848,1,954,PZ007
2849,2,954,CK001
2850,1,954,CK001
2851,1,954,DS004
2852,2,955,BG008
2853,1,955,BG009
2854,1,955,BG001
2855,1,955,SD009
