1,1,1,DR004
2,1,1,PZ008
3,3,1,SD005
4,1,1,DS003
5,1,2,BG003
6,1,2,SD008
7,1,2,DR002
8,2,2,PZ002
9,1,3,BG005
10,1,3,DR001
11,1,3,SD010
12,1,4,CK008
13,1,4,DS001
14,2,4,PZ009
15,3,4,CK003
16,1,4,BG010
17,1,5,CK005
18,1,5,DR008
19,3,5,BG008
20,1,5,DR008
21,1,6,CK009
22,1,7,CK008
23,2,7,SD007
24,1,7,PZ008
25,1,7,SD007
26,1,7,CK009
27,2,8,PZ001
28,1,8,DR004
29,2,9,BG004
30,1,9,PZ003
31,3,9,DS002
32,3,9,DR005
33,1,10,DR006
34,1,10,BG011
35,3,10,SD009
36,2,10,DS010
37,1,10,SD007
38,1,11,PZ009
39,1,11,PZ007
40,1,11,PZ009
41,2,11,SD008
42,1,11,BG001
43,1,12,PZ004
44,1,12,BG003
45,1,12,PZ010
46,1,13,DR008
47,3,13,BG005
48,1,13,CK005
49,1,14,PZ007
50,1,15,PZ007
51,1,16,CK009
52,1,16,DR001
53,1,16,PZ005
54,1,16,CK002
55,1,16,CK001
56,1,17,CK008
57,1,17,DR009
58,1,18,BG005
59,1,18,PZ004
60,1,19,PZ009
61,1,20,DS005
62,3,20,SD001
63,1,20,PZ002
64,1,21,PZ005
65,3,21,DR009
66,1,21,CK006
67,3,21,BG001
68,1,21,BG001
69,1,22,SD007
70,2,23,CK001
71,1,23,BG010
72,1,24,BG006
73,1,24,PZ009
74,3,24,BG004
75,1,24,PZ003
76,1,25,SD003
77,1,25,PZ002
78,3,25,SD010
79,3,25,DS001
80,1,25,DR007
81,1,26,SD004
82,2,26,DS003
83,1,27,SD008
84,1,28,SD011
85,1,28,DR008
86,2,28,BG010
87,1,29,BG003
88,1,29,CK008
89,1,29,DR004
90,3,30,DR006
91,3,30,DR003
92,1,30,PZ008
93,1,30,DS003
94,1,30,DS008
95,2,31,PZ006
96,3,31,CK005
97,1,32,SD003
98,1,32,BG002
99,1,32,BG009
100,1,32,SD004
101,1,32,CK007
102,1,33,DS005
103,1,33,PZ004
104,1,33,SD005
105,1,33,BG004
106,1,34,PZ001
107,1,34,SD008
108,1,35,BG010
109,1,35,BG010
110,3,35,SD002
111,1,36,SD001
112,1,36,BG004
113,3,36,PZ009
114,3,36,DR006
115,1,37,BG005
116,1,37,PZ006
117,3,38,CK002
118,2,38,DR006
119,2,38,PZ008
120,3,38,PZ001
121,1,39,BG011
122,1,39,CK007
123,1,40,DR011
124,1,40,PZ010
125,1,40,DS010
126,1,41,SD001
127,1,41,PZ010
128,2,41,DR001
129,1,41,CK005
130,3,42,CK004
131,2,42,BG004
132,3,43,CK002
133,3,43,CK008
134,1,43,CK001
135,1,43,PZ006
136,1,44,SD010
137,1,44,SD004
138,1,45,SD009
139,1,45,DR008
140,1,45,DS004
141,1,45,DR010
142,1,45,BG007
143,1,46,BG002
144,1,46,DR008
145,3,46,DR004
146,1,46,BG002
147,1,46,DS007
148,1,47,BG007
149,1,47,CK009
150,1,47,SD005
151,3,47,DR003
152,2,48,DR010
153,1,48,CK001
154,1,49,PZ007
155,1,49,BG009
156,1,49,CK007
157,1,50,CK008
158,1,50,PZ006
159,1,51,CK001
160,1,52,CK003
161,1,52,DR007
162,1,52,BG002
163,3,52,DS008
164,1,53,SD003
165,1,53,PZ008
166,1,53,CK002
167,1,53,DS004
168,1,53,PZ007
169,1,54,PZ005
170,1,54,DS004
171,1,54,DR011
172,1,55,PZ006
173,1,55,PZ005
174,2,55,DS010
175,3,55,CK008
176,1,55,CK008
177,3,56,CK009
178,2,56,SD001
179,2,57,SD008
180,1,57,BG003
181,1,57,CK008
182,1,58,PZ004
183,1,58,DS003
184,3,58,DR001
185,2,58,DS009
186,1,58,PZ004
187,1,59,DS009
188,1,59,SD004
189,3,59,CK003
190,3,59,CK002
191,2,60,PZ005
192,1,60,BG009
193,3,60,SD011
194,1,61,DR004
195,1,61,DS008
196,3,61,SD004
197,1,62,PZ010
198,3,62,PZ006
199,1,62,DR001
200,1,62,DS010
201,1,62,CK006
202,1,63,DR011
203,3,63,PZ003
204,1,63,DR006
205,3,64,BG005
206,1,65,SD004
207,2,65,SD001
208,3,65,CK009
209,1,66,DS003
210,2,66,DS002
211,3,66,DS009
212,3,67,SD003
213,1,67,SD004
214,2,67,DR011
215,1,68,CK001
216,1,68,DR006
217,1,68,SD002
218,1,69,PZ006
219,3,69,DR002
220,1,69,DR009
221,1,69,BG010
222,1,70,DR004
223,1,70,CK009
224,1,70,BG008
225,1,70,DS002
226,2,71,SD001
227,1,71,BG003
228,1,71,BG003
229,1,71,SD002
230,1,71,BG009
231,3,72,SD003
232,1,72,BG008
233,2,72,DR011
234,1,72,DS010
235,1,72,BG009
236,1,73,DS006
237,3,73,SD002
238,1,74,DR001
239,1,74,DR001
240,1,74,DR001
241,1,74,DS008
242,1,75,BG006
243,1,75,DS007
244,1,75,DR011
245,1,76,CK004
246,2,76,DS009
247,1,76,BG008
248,1,76,CK002
249,1,76,CK004
250,1,77,SD001
251,3,77,CK009
252,1,78,SD010
253,1,78,PZ002
254,1,78,BG006
255,1,79,DS003
256,1,79,SD011
257,1,79,SD001
258,2,79,DS008
259,1,80,CK004
260,1,80,SD001
261,1,80,DR007
262,2,80,PZ008
263,1,80,CK007
264,1,81,SD009
265,1,81,BG001
266,1,81,DR003
267,1,81,DS009
268,1,81,BG006
269,2,82,DR010
270,1,82,CK004
271,1,82,DR006
272,1,83,CK008
273,1,83,DS007
274,1,83,DR004
275,1,83,DR003
276,1,84,DS008
277,1,85,PZ001
278,1,85,DR002
279,1,85,SD008
280,1,86,PZ004
281,1,87,BG002
282,1,87,SD002
283,3,87,DR010
284,1,87,DR007
285,1,88,BG010
286,1,88,BG004
287,1,88,DR006
288,1,88,PZ010
289,1,89,SD003
290,1,89,SD001
291,1,89,DR007
292,1,89,DS004
293,2,89,BG011
294,3,90,PZ009
295,1,90,SD008
296,1,91,DR007
297,1,91,BG011
298,1,92,BG004
299,1,92,PZ003
300,1,92,DS002
301,2,92,SD007
302,1,92,SD005
303,1,93,BG011
304,1,93,CK004
305,3,93,BG007
306,3,93,BG001
307,1,94,DS007
308,1,94,CK003
309,1,94,DR005
310,1,95,DR011
311,2,95,DR008
312,2,96,DR003
313,1,96,CK008
314,1,97,DR005
315,1,97,SD002
316,1,97,DS009
317,2,97,SD010
318,1,97,DS003
319,1,98,DR006
320,1,99,SD009
321,1,99,DS006
322,3,99,DR002
323,1,100,PZ004
324,1,100,DS001
325,1,100,PZ006
326,3,100,DS009
327,2,101,SD010
328,1,101,CK003
329,1,101,BG003
330,1,101,DR011
331,1,102,DS009
332,1,103,BG002
333,1,103,SD010
334,1,104,DR010
335,3,105,PZ010
336,1,106,SD007
337,1,106,SD009
338,1,107,PZ007
339,1,107,CK004
340,1,107,BG003
341,1,107,PZ010
342,3,108,CK007
343,1,108,DS009
344,1,108,CK007
345,3,109,BG005
346,1,109,SD001
347,1,109,DR007
348,1,110,BG003
349,1,110,PZ004
350,1,110,SD010
351,1,110,DR004
352,1,110,BG010
353,1,111,SD009
354,1,111,BG004
355,1,111,SD007
356,1,111,CK002
357,1,112,BG007
358,2,113,SD002
359,1,113,PZ003
360,1,113,SD011
361,1,113,BG002
362,1,114,DS004
363,1,114,CK009
364,1,114,DR002
365,3,115,DR003
366,1,115,DR005
367,3,115,CK002
368,2,115,BG006
369,1,115,CK007
370,1,116,PZ007
371,1,117,DS003
372,1,117,SD003
373,1,117,SD001
374,1,117,PZ004
375,2,118,SD005
376,1,118,DR009
377,1,118,DS005
378,1,118,SD007
379,1,118,DR002
380,2,119,SD005
381,1,119,BG006
382,3,119,DR008
383,1,119,PZ010
384,2,119,DS005
385,2,120,PZ004
386,1,120,CK006
387,1,120,SD011
388,1,120,SD005
389,1,120,DR008
390,1,121,PZ010
391,1,121,CK003
392,3,121,PZ006
393,1,122,PZ006
394,1,122,SD006
395,1,122,DS007
396,3,122,BG002
397,1,122,SD003
398,1,123,CK001
399,1,124,DR009
400,1,125,DS010
401,1,125,PZ004
402,1,125,PZ010
403,1,125,DR005
404,1,126,DR004
405,1,126,DR006
406,1,126,DS010
407,1,126,SD009
408,1,126,DS007
409,1,127,DR001
410,1,128,DS003
411,1,128,BG008
412,1,129,DR003
413,1,129,BG007
414,1,130,SD008
415,1,130,DS003
416,3,131,CK009
417,1,131,DR011
418,1,131,DR011
419,1,131,CK006
420,1,131,DR004
421,1,132,DS002
422,2,132,PZ010
423,1,132,SD010
424,3,132,DR007
425,2,132,PZ002
426,1,133,PZ009
427,2,133,DS003
428,1,134,PZ005
429,3,134,DR002
430,2,134,DR010
431,1,134,SD006
432,1,135,PZ008
433,1,135,PZ009
434,1,135,CK009
435,1,136,SD001
436,1,136,DS001
437,1,136,DS001
438,1,137,DS009
439,1,137,BG002
440,1,137,CK001
441,1,137,BG006
442,1,137,DR006
443,1,138,BG006
444,1,138,DR009
445,1,138,CK003
446,2,138,DS008
447,1,138,DR002
448,2,139,DS007
449,1,139,DR007
450,1,139,DS004
451,1,139,DS006
452,1,140,DS003
453,1,140,CK007
454,1,140,DR005
455,1,140,CK006
456,1,141,CK004
457,1,142,PZ006
458,2,142,DS006
459,1,143,CK005
460,1,143,DS001
461,1,143,DS001
462,2,143,SD011
463,3,144,DR002
464,1,144,DR011
465,1,145,DR004
466,1,145,DS004
467,1,145,SD005
468,1,146,BG001
469,1,147,CK008
470,1,148,DR004
471,3,148,SD004
472,1,148,DR006
473,3,148,PZ006
474,1,148,CK006
475,1,149,DR005
476,1,150,DR004
477,1,150,PZ001
478,2,150,DS007
479,1,150,PZ001
480,2,150,DR011
481,3,151,BG002
482,3,151,DR011
483,3,152,BG003
484,3,152,CK007
485,1,153,DR007
486,1,153,BG002
487,2,153,CK009
488,1,153,CK005
489,1,154,DS004
490,1,154,PZ005
491,1,154,DS007
492,1,155,DS007
493,1,155,DR006
494,1,155,PZ006
495,1,155,BG004
496,2,156,DR004
497,1,156,PZ010
498,1,156,DS004
499,3,156,BG004
500,3,157,SD007
501,1,157,BG004
502,2,158,DR008
503,1,158,CK006
504,3,158,BG010
505,3,158,BG002
506,2,159,CK002
507,1,159,DS009
508,1,159,BG006
509,1,160,CK001
510,1,161,SD001
511,1,161,SD007
512,1,161,DR002
513,1,161,BG011
514,1,161,DS003
515,1,162,CK006
516,1,162,DS008
517,1,162,SD011
518,1,162,CK001
519,1,162,PZ001
520,2,163,DR010
521,2,163,DR005
522,3,163,SD006
523,2,163,DS003
524,1,163,DR008
525,1,164,CK008
526,1,164,PZ005
527,1,165,BG006
528,1,165,CK005
529,1,165,CK002
530,3,165,PZ005
531,1,165,PZ004
532,1,166,BG006
533,1,166,DR011
534,1,166,SD003
535,3,166,CK006
536,1,166,BG002
537,1,167,PZ009
538,2,167,PZ006
539,1,167,SD010
540,1,167,PZ005
541,1,167,SD007
542,1,168,SD001
543,1,168,SD010
544,3,168,BG003
545,1,168,DR006
546,1,169,DR004
547,3,170,CK001
548,3,171,DS005
549,1,172,CK003
550,3,172,DR003
551,1,172,SD011
552,1,172,BG009
553,3,172,BG005
554,1,173,DS004
555,1,173,BG005
556,1,173,DR005
557,1,174,DR010
558,3,175,PZ009
559,1,175,PZ003
560,1,175,DR008
561,1,176,DR001
562,1,177,DS006
563,1,177,DS005
564,1,177,PZ002
565,2,177,DR008
566,3,178,DS009
567,3,178,DS007
568,1,178,DR011
569,1,178,BG003
570,2,178,BG010
571,2,179,BG010
572,1,179,CK008
573,1,179,DS001
574,2,180,DS004
575,2,180,DS004
576,1,180,DS002
577,1,180,DR006
578,1,181,BG009
579,1,181,PZ006
580,1,181,CK009
581,1,181,PZ010
582,1,182,DR009
583,1,182,SD003
584,2,183,BG006
585,2,184,BG007
586,3,184,SD008
587,1,184,CK001
588,1,185,DS010
589,3,185,DR003
590,3,185,PZ008
591,1,185,DR008
592,3,185,CK007
593,1,186,DS006
594,1,186,BG004
595,1,187,DS004
596,1,187,DS003
597,1,188,PZ004
598,1,188,PZ009
599,1,188,DR010
600,2,188,DR011
601,2,188,BG009
602,2,189,PZ010
603,3,190,PZ008
604,3,190,SD004
605,1,191,DS001
606,1,191,BG004
607,1,192,BG011
608,1,192,DR002
609,1,192,BG006
610,3,193,BG003
611,1,193,CK007
612,1,193,DR009
613,3,194,DR010
614,2,194,DR010
615,1,194,SD009
616,1,194,SD003
617,1,195,CK005
618,1,195,SD004
619,1,195,SD005
620,1,195,SD011
621,1,195,SD005
622,1,196,SD008
623,3,196,BG008
624,1,196,PZ005
625,1,196,DS008
626,1,197,BG010
627,1,197,PZ001
628,2,198,BG006
629,1,198,PZ009
630,1,198,DR001
631,1,198,CK004
632,1,198,DS010
633,1,199,DS001
634,2,200,PZ007
635,1,201,CK009
636,3,201,BG008
637,1,201,DS004
638,1,202,CK006
639,1,202,SD007
640,1,202,SD011
641,1,203,BG003
642,3,203,DR002
643,1,203,DR007
644,1,203,DR007
645,2,203,PZ009
646,2,204,SD011
647,1,204,BG008
648,1,204,SD003
649,1,205,PZ010
650,1,205,DS006
651,1,205,CK003
652,3,205,CK005
653,2,206,SD004
654,1,206,PZ003
655,1,206,SD001
656,3,206,CK004
657,1,206,PZ007
658,1,207,BG002
659,1,207,DR006
660,1,208,SD009
661,3,209,SD005
662,1,209,PZ008
663,1,209,PZ009
664,1,210,BG008
665,3,210,DS008
666,1,211,BG005
667,1,211,PZ004
668,1,211,CK009
669,3,211,PZ005
670,1,212,PZ008
671,3,212,DS005
672,1,212,DS008
673,1,212,SD011
674,1,213,SD008
675,1,214,CK007
676,1,214,SD008
677,1,214,PZ008
678,1,214,CK004
679,1,214,DR005
680,2,215,DS007
681,1,215,DS009
682,1,215,PZ003
683,3,216,BG010
684,1,216,PZ009
685,1,216,CK007
686,1,216,DR002
687,2,216,PZ002
688,1,217,DS007
689,3,217,BG006
690,1,218,CK004
691,1,219,PZ003
692,1,220,PZ008
693,1,221,DS005
694,2,222,SD002
695,3,222,DS008
696,1,223,DS007
697,1,224,PZ001
698,1,224,PZ005
699,1,224,DR003
700,1,225,BG005
701,2,226,DR008
702,2,226,BG009
703,2,226,DS003
704,1,226,SD010
705,3,227,SD008
706,1,227,DS008
707,2,227,BG005
708,2,227,DS006
709,1,228,BG004
710,1,228,PZ003
711,1,228,CK001
712,1,228,DR007
713,1,229,BG003
714,3,229,PZ006
715,1,230,PZ009
716,2,230,DR009
717,2,231,BG009
718,3,231,CK006
719,1,232,PZ006
720,2,232,DR004
721,1,232,PZ002
722,1,232,CK005
723,1,232,DR009
724,1,233,SD010
725,1,234,DS002
726,2,234,PZ007
727,3,234,PZ010
728,3,234,BG010
729,1,234,BG007
730,3,235,CK005
731,1,235,DS002
732,3,235,DR002
733,1,236,DS002
734,1,236,SD001
735,1,236,PZ007
736,1,237,DR002
737,2,237,DR002
738,1,237,DS007
739,2,237,SD008
740,1,237,SD006
741,1,238,DR002
742,1,239,DR003
743,1,239,PZ002
744,1,239,SD005
745,3,240,BG011
746,1,241,BG008
747,1,241,PZ008
748,1,241,PZ006
749,1,242,DS009
750,1,242,SD008
751,1,243,DS010
752,1,243,CK001
753,1,244,DR002
754,1,245,PZ010
755,3,246,PZ002
756,1,246,SD007
757,1,247,CK004
758,1,248,DS008
759,1,249,DS001
760,3,249,DR009
761,1,249,PZ002
762,1,250,CK003
763,3,250,CK001
764,1,251,PZ004
765,2,251,DS008
766,1,252,BG007
767,1,253,CK004
768,3,253,DS006
769,1,254,CK008
770,3,254,SD002
771,2,255,BG010
772,1,255,DR010
773,2,255,DS009
774,1,255,DR011
775,1,255,DS010
776,1,256,SD008
777,1,256,PZ009
778,1,257,CK008
779,1,257,PZ008
780,1,257,BG001
781,1,257,PZ001
782,1,258,CK003
783,1,258,CK003
784,1,258,BG009
785,3,258,CK007
786,1,258,SD006
787,2,259,PZ001
788,1,259,DS004
789,3,260,DS008
790,1,260,BG011
791,1,260,DR009
792,2,260,CK002
793,1,261,CK004
794,1,262,DR001
795,1,262,PZ003
796,1,263,DR007
797,3,263,SD010
798,1,264,SD007
799,1,264,BG008
800,2,264,CK004
801,1,264,DR002
802,2,264,BG009
803,3,265,SD005
804,3,265,PZ009
805,1,265,SD008
806,1,266,SD011
807,3,266,BG011
808,1,267,PZ002
809,1,268,CK009
810,1,268,DS003
811,1,268,PZ008
812,1,268,SD003
813,2,269,SD005
814,1,270,PZ006
815,3,270,CK009
816,2,271,BG001
817,1,272,DS008
818,1,272,CK002
819,1,272,BG005
820,2,273,DR007
821,1,273,DR006
822,1,273,PZ007
823,1,274,DS002
824,1,274,BG004
825,1,275,PZ004
826,1,276,BG009
827,2,277,BG011
828,1,277,CK002
829,1,278,DS001
830,1,278,DR006
831,2,278,DS008
832,1,278,CK002
833,1,279,DR009
834,1,279,CK008
835,3,279,SD008
836,1,279,DR006
837,2,280,DR003
838,1,281,BG002
839,1,281,DR002
840,1,282,DS001
841,2,282,BG001
842,1,282,SD001
843,1,283,SD006
844,1,283,DR004
845,2,284,PZ006
846,2,284,CK009
847,3,284,DS006
848,1,284,PZ008
849,1,285,BG009
850,1,285,PZ002
851,3,285,PZ004
852,1,285,DS010
853,1,285,CK001
854,1,286,SD004
855,1,286,DR003
856,1,287,PZ001
857,3,287,CK003
858,3,287,BG004
859,1,287,PZ006
860,3,288,SD005
861,1,288,BG007
862,1,289,DS010
863,1,289,DS001
864,1,289,DS001
865,2,289,BG011
866,1,289,BG001
867,1,290,BG009
868,1,290,DR005
869,1,290,DS010
870,1,290,CK005
871,1,290,SD001
872,1,291,DS003
873,1,291,BG006
874,1,292,BG009
875,1,292,DS002
876,3,292,CK004
877,1,292,BG001
878,1,293,DS005
879,1,293,CK002
880,2,293,DS009
881,1,293,DR006
882,1,294,DR011
883,1,295,CK003
884,1,295,DR007
885,2,295,CK002
886,1,296,DR001
887,1,296,BG011
888,1,296,DR001
889,1,297,DR005
890,1,298,SD004
891,1,299,PZ008
892,1,299,PZ007
893,1,299,DS009
894,1,300,PZ001
895,1,300,PZ008
896,1,301,BG001
897,1,301,CK007
898,1,302,PZ010
899,1,302,DS003
900,3,302,DS008
901,2,303,DR005
902,1,303,CK008
903,1,303,DS001
904,1,304,DS003
905,3,304,DR003
906,1,304,DS004
907,2,304,BG004
908,1,304,PZ010
909,1,305,PZ006
910,1,305,CK009
911,1,305,SD008
912,2,306,DS010
913,1,307,BG009
914,1,307,DR008
915,3,307,SD011
916,1,308,SD009
917,1,309,DS007
918,1,309,BG011
919,2,309,DS005
920,1,309,BG007
921,1,309,CK007
922,1,310,CK008
923,1,310,SD007
924,2,310,DR009
925,1,310,DR007
926,2,310,PZ009
927,3,311,CK001
928,1,311,PZ001
929,1,311,SD008
930,3,311,DS006
931,3,312,DS007
932,3,312,DR009
933,1,312,SD007
934,1,312,DS001
935,2,312,BG004
936,1,313,DS001
937,1,313,PZ010
938,1,313,SD005
939,1,313,BG009
940,1,314,BG001
941,1,314,BG011
942,1,314,DR005
943,1,314,CK004
944,2,314,BG001
945,1,315,BG002
946,1,315,CK008
947,1,316,DS004
948,1,317,BG006
949,1,317,PZ006
950,2,317,CK008
951,1,318,PZ001
952,1,318,CK009
953,1,318,BG011
954,1,319,BG001
955,3,319,BG008
956,2,319,PZ001
957,1,320,CK003
958,1,320,DS010
959,2,321,SD009
960,1,322,DS004
961,1,322,SD003
962,1,322,DS005
963,3,322,BG002
964,1,323,CK002
965,1,323,PZ005
966,2,323,PZ009
967,2,324,SD006
968,1,324,DS008
969,2,324,PZ005
970,2,324,DS004
971,2,324,SD004
972,1,325,DR002
973,1,325,BG011
974,2,326,DR006
975,1,326,SD011
976,1,326,DR001
977,3,326,PZ001
978,1,326,PZ006
979,1,327,CK008
980,1,327,PZ007
981,3,327,DR006
982,1,327,BG004
983,1,328,DR011
984,1,328,SD009
985,1,329,SD003
986,1,330,CK004
987,1,330,DR005
988,1,330,DS002
989,1,330,SD002
990,3,330,PZ001
991,1,331,DR010
992,2,331,PZ001
993,1,331,DR005
994,1,331,SD007
995,1,331,BG002
996,1,332,BG008
997,1,332,PZ002
998,1,333,CK006
999,3,333,BG004
1000,2,333,DS002
1001,3,334,DS003
1002,1,335,SD011
1003,2,336,DR009
1004,1,336,DR005
1005,2,336,CK005
1006,1,337,CK005
1007,1,337,SD010
1008,1,338,SD005
1009,2,338,DR011
1010,1,338,DS010
1011,1,338,CK007
1012,2,339,CK007
1013,1,339,DS005
1014,2,339,SD001
1015,3,339,CK008
1016,1,340,DR004
1017,3,341,BG007
1018,1,341,CK005
1019,2,341,PZ006
1020,1,342,SD009
1021,1,343,CK001
1022,2,343,BG011
1023,1,344,DS003
1024,1,344,DS001
1025,1,344,DS008
1026,2,345,PZ009
1027,2,345,SD009
1028,2,345,SD002
1029,1,345,DS002
1030,3,345,PZ008
1031,3,346,DS001
1032,3,346,DS004
1033,1,346,BG001
1034,1,346,CK006
1035,1,346,SD011
1036,1,347,DS007
1037,1,348,BG003
1038,2,349,SD002
1039,1,349,DS008
1040,1,350,BG005
1041,2,350,DS001
1042,1,350,DR011
1043,1,351,DR001
1044,2,351,SD011
1045,2,351,PZ008
1046,1,351,DR003
1047,1,352,PZ002
1048,1,352,SD001
1049,1,352,CK006
1050,1,353,DS006
1051,1,353,PZ002
1052,2,353,CK004
1053,1,353,BG001
1054,2,353,SD010
1055,1,354,DS008
1056,2,354,BG008
1057,1,355,DR003
1058,3,356,SD010
1059,2,356,DR002
1060,2,356,PZ002
1061,2,356,SD010
1062,1,356,CK003
1063,1,357,DR010
1064,1,357,DR003
1065,3,357,CK008
1066,1,358,PZ005
1067,1,358,SD005
1068,1,358,SD010
1069,1,358,PZ002
1070,3,359,PZ002
1071,1,360,CK008
1072,1,361,SD004
1073,3,361,DR008
1074,3,362,DR009
1075,1,362,BG004
1076,2,362,SD008
1077,1,363,BG007
1078,1,363,PZ004
1079,1,363,DR001
1080,1,363,CK004
1081,2,363,CK001
1082,1,364,DR011
1083,2,365,DS005
1084,2,366,DS007
1085,2,366,PZ010
1086,3,366,BG005
1087,1,366,BG006
1088,1,367,PZ001
1089,1,367,CK003
1090,1,367,PZ001
1091,2,367,CK004
1092,1,368,SD007
1093,1,368,SD005
1094,1,368,DR008
1095,2,368,BG009
1096,1,368,CK005
1097,3,369,DR010
1098,3,369,PZ003
1099,1,370,BG001
1100,1,370,CK006
1101,1,370,BG003
1102,1,371,SD002
1103,1,371,PZ009
1104,1,371,DS009
1105,2,372,DR004
1106,3,372,DS002
1107,1,373,CK004
1108,1,373,SD003
1109,3,374,DR010
1110,3,374,SD005
1111,1,374,SD008
1112,1,374,SD010
1113,1,375,SD008
1114,3,375,CK007
1115,2,375,SD002
1116,1,375,DS007
1117,1,375,DS001
1118,2,376,SD010
1119,1,376,DR011
1120,1,376,DS003
1121,1,376,BG011
1122,1,376,DR003
1123,1,377,DS003
1124,3,377,SD008
1125,3,377,BG006
1126,1,377,CK003
1127,1,377,SD001
1128,3,378,DR004
1129,3,378,CK007
1130,3,378,DS004
1131,1,378,BG005
1132,1,379,BG011
1133,1,379,DR004
1134,1,379,DS007
1135,1,379,BG005
1136,1,380,SD005
1137,1,381,DS007
1138,1,381,BG005
1139,1,382,CK009
1140,1,383,DS008
1141,1,384,DR011
1142,2,384,SD011
1143,1,385,BG010
1144,1,385,BG001
1145,3,386,SD001
1146,3,387,SD003
1147,1,387,CK005
1148,1,387,BG011
1149,1,387,SD009
1150,1,387,BG009
1151,1,388,SD009
1152,2,388,DR010
1153,2,388,PZ009
1154,1,388,DS002
1155,2,388,PZ008
1156,1,389,BG001
1157,1,390,DR009
1158,1,390,SD010
1159,1,390,CK001
1160,1,390,DR002
1161,1,391,CK001
1162,2,391,DR011
1163,2,391,DS009
1164,1,391,DS002
1165,3,392,SD005
1166,2,393,BG005
1167,1,393,CK006
1168,1,393,DR001
1169,1,393,PZ003
1170,1,393,CK008
1171,1,394,DS006
1172,1,394,CK003
1173,3,394,DR008
1174,1,394,DR010
1175,1,395,DS009
1176,1,395,CK009
1177,3,395,DR003
1178,1,396,SD004
1179,3,396,PZ006
1180,1,397,CK008
1181,1,397,BG007
1182,3,398,PZ003
1183,1,398,SD005
1184,2,399,PZ005
1185,1,399,SD001
1186,1,399,CK001
1187,1,399,BG005
1188,1,399,BG005
1189,1,400,DS007
1190,1,400,BG003
1191,1,400,DS010
1192,2,400,PZ007
1193,3,401,PZ006
1194,2,401,CK005
1195,3,401,CK007
1196,1,401,BG009
1197,1,401,DR003
1198,1,402,CK004
1199,3,403,SD004
1200,3,403,CK001
1201,2,404,DS001
1202,1,404,CK005
1203,1,405,DR011
1204,1,405,SD004
1205,2,405,DR007
1206,1,405,DS009
1207,1,406,BG001
1208,1,406,SD001
1209,1,406,DR002
1210,1,406,SD002
1211,1,406,DS002
1212,1,407,DR004
1213,1,407,DS010
1214,1,407,PZ008
1215,1,407,PZ005
1216,1,407,DR006
1217,1,408,DR001
1218,1,408,DS003
1219,1,409,DS005
1220,1,410,DR001
1221,1,410,DS002
1222,1,410,DS010
1223,1,411,BG003
1224,3,411,DR008
1225,3,411,DR005
1226,2,411,DS003
1227,1,412,DR006
1228,3,412,CK005
1229,1,412,SD005
1230,2,413,DS009
1231,1,413,DS007
1232,1,414,DS009
1233,1,414,SD007
1234,1,414,BG010
1235,2,415,DS002
1236,2,415,SD008
1237,3,416,BG002
1238,1,416,PZ001
1239,1,416,PZ006
1240,1,416,DR010
1241,3,417,DR008
1242,1,417,CK006
1243,1,418,DS002
1244,3,418,BG001
1245,2,419,CK003
1246,1,419,PZ003
1247,1,419,PZ009
1248,3,420,DR010
1249,3,420,DS004
1250,1,420,DR010
1251,3,420,SD002
1252,1,420,DR011
1253,3,421,SD003
1254,1,421,DS008
1255,3,421,CK002
1256,1,421,CK005
1257,1,421,BG009
1258,1,422,SD008
1259,1,422,PZ008
1260,1,422,PZ009
1261,1,422,PZ001
1262,1,423,DS003
1263,1,423,DS004
1264,1,423,SD002
1265,1,423,PZ004
1266,1,424,DR002
1267,2,425,CK008
1268,3,425,DR008
1269,1,425,PZ006
1270,1,425,BG005
1271,1,425,BG002
1272,1,426,DR003
1273,2,426,BG011
1274,3,426,PZ001
1275,1,426,SD007
1276,1,426,CK002
1277,1,427,BG010
1278,1,427,DS007
1279,2,428,CK005
1280,1,428,DR008
1281,1,428,CK001
1282,3,428,DR010
1283,1,428,DR003
1284,1,429,DR011
1285,1,429,DS006
1286,1,429,PZ003
1287,1,429,DS006
1288,1,430,CK004
1289,1,430,DS001
1290,1,430,CK009
1291,1,430,CK001
1292,1,430,DR007
1293,1,431,SD010
1294,1,431,DR010
1295,1,431,PZ006
1296,1,431,DS003
1297,3,432,CK001
1298,1,432,DS001
1299,1,432,BG009
1300,1,433,SD003
1301,1,433,PZ008
1302,1,433,BG001
1303,1,434,DS008
1304,3,434,DR001
1305,1,435,CK003
1306,1,436,DS005
1307,1,436,CK004
1308,1,436,BG009
1309,1,436,PZ005
1310,1,436,BG005
1311,1,437,DS004
1312,2,437,DS004
1313,1,437,BG010
1314,1,437,BG004
1315,1,438,BG004
1316,1,439,BG003
1317,1,439,DS005
1318,1,439,CK008
1319,1,439,DS002
1320,1,440,BG007
1321,1,440,BG009
1322,1,440,DS008
1323,1,440,DR003
1324,2,440,DR008
1325,1,441,BG003
1326,3,441,DS005
1327,3,441,CK007
1328,1,442,PZ008
1329,2,442,DR011
1330,2,443,DS006
1331,1,443,DS005
1332,1,443,BG005
1333,1,443,SD003
1334,1,443,BG010
1335,2,444,BG010
1336,1,445,CK009
1337,1,445,DS009
1338,1,446,PZ008
1339,1,446,DR002
1340,1,446,CK008
1341,2,446,SD002
1342,1,446,DS005
1343,3,447,DR006
1344,1,447,DR006
1345,1,447,SD010
1346,1,448,BG007
1347,1,448,PZ008
1348,1,448,PZ004
1349,1,448,PZ004
1350,3,448,PZ003
1351,2,449,DS010
1352,1,449,PZ001
1353,2,449,BG001
1354,1,450,PZ006
1355,1,450,DR008
1356,3,450,BG004
1357,3,451,DS007
1358,1,451,CK002
1359,1,452,DR003
1360,1,452,PZ004
1361,1,453,CK005
1362,1,453,DS009
1363,3,453,BG010
1364,1,453,SD005
1365,1,454,BG001
1366,2,455,DR009
1367,1,455,PZ008
1368,1,455,SD005
1369,1,456,DR008
1370,1,457,SD007
1371,3,457,BG007
1372,1,457,PZ003
1373,1,458,SD005
1374,2,458,BG004
1375,2,458,DS005
1376,3,458,DR011
1377,2,459,DR004
1378,1,459,SD001
1379,1,460,DS009
1380,2,461,DR005
1381,1,461,DR010
1382,1,462,BG005
1383,1,462,BG005
1384,1,462,DR004
1385,1,462,CK002
1386,1,463,SD011
1387,3,463,SD002
1388,1,463,CK005
1389,1,463,SD004
1390,1,464,BG005
1391,1,465,PZ001
1392,1,465,BG005
1393,1,465,DR001
1394,1,466,DS008
1395,1,466,BG010
1396,1,466,PZ005
1397,1,466,SD008
1398,1,466,PZ001
1399,1,467,CK003
1400,2,467,PZ003
1401,2,467,DS008
1402,1,467,DR010
1403,3,467,BG011
1404,2,468,SD006
1405,1,468,CK007
1406,1,468,DR002
1407,2,468,CK003
1408,1,468,BG010
1409,1,469,PZ006
1410,1,469,CK007
1411,2,470,DS010
1412,1,470,CK004
1413,1,470,PZ007
1414,1,470,BG007
1415,3,470,DS007
1416,1,471,SD007
1417,2,471,SD009
1418,1,472,DR007
1419,2,472,PZ006
1420,2,473,CK006
1421,2,473,DR009
1422,1,474,PZ001
1423,1,475,DS009
1424,3,475,BG005
1425,1,475,BG001
1426,1,475,DS001
1427,1,476,DR011
1428,2,476,BG008
1429,2,476,DS007
1430,3,476,DS006
1431,1,476,DS001
1432,1,477,DR008
1433,2,478,BG009
1434,1,478,PZ004
1435,1,479,DR010
1436,1,479,SD003
1437,1,479,BG009
1438,1,479,DS007
1439,1,479,SD008
1440,1,480,SD008
1441,1,480,DR005
1442,3,480,CK008
1443,1,480,SD003
1444,1,480,PZ010
1445,1,481,PZ010
1446,1,481,PZ002
1447,1,481,BG006
1448,1,481,DS002
1449,1,481,DR005
1450,1,482,SD010
1451,1,483,PZ006
1452,1,483,DS005
1453,1,483,DS007
1454,1,483,SD005
1455,2,483,DS005
1456,1,484,CK003
1457,1,484,DR010
1458,3,484,DS010
1459,1,484,SD004
1460,1,485,BG005
1461,3,485,DS007
1462,1,486,PZ009
1463,1,486,CK007
1464,1,486,DS003
1465,1,486,CK005
1466,3,487,DS001
1467,3,488,PZ010
1468,1,489,PZ003
1469,1,489,DS007
1470,3,490,CK007
1471,1,491,DS006
1472,1,491,SD005
1473,1,491,SD009
1474,3,491,SD005
1475,2,492,DR004
1476,1,492,DS009
1477,2,492,BG006
1478,1,492,DS006
1479,1,493,SD002
1480,1,493,BG005
1481,1,494,DR007
1482,1,495,SD008
1483,3,495,CK008
1484,1,495,DR010
1485,3,496,PZ004
1486,3,496,DS003
1487,1,497,BG005
1488,2,497,DR006
1489,2,498,DS001
1490,3,499,BG004
1491,1,499,DR009
1492,1,499,SD010
1493,3,499,DR008
1494,1,499,DS003
1495,1,500,SD008
1496,1,500,CK001
1497,1,500,CK008
1498,1,500,DR010
1499,2,501,CK001
1500,3,501,DS001
1501,3,501,SD007
1502,2,501,SD010
1503,1,502,BG003
1504,1,502,DR011
1505,1,502,DR008
1506,1,503,DR001
1507,1,504,BG001
1508,1,504,SD004
1509,1,504,DR011
1510,2,505,DS001
1511,2,505,DS006
1512,1,505,DR004
1513,2,505,PZ006
1514,1,506,SD001
1515,1,506,DS004
1516,1,506,CK006
1517,1,507,PZ003
1518,3,507,PZ002
1519,1,507,DR008
1520,1,507,BG007
1521,2,508,PZ003
1522,1,508,CK005
1523,1,509,DR001
1524,1,509,DS002
1525,3,509,PZ001
1526,1,509,SD005
1527,1,509,PZ003
1528,1,510,DR007
1529,3,510,SD007
1530,1,510,CK006
1531,2,510,DS005
1532,1,510,BG001
1533,1,511,DS008
1534,1,512,PZ006
1535,1,512,DR004
1536,2,512,CK005
1537,1,512,CK006
1538,3,512,SD001
1539,1,513,DS005
1540,2,513,SD006
1541,1,514,PZ005
1542,2,514,PZ008
1543,1,514,DR002
1544,1,514,BG002
1545,2,515,DS008
1546,3,515,CK008
1547,1,515,SD002
1548,1,516,CK001
1549,1,517,DS003
1550,1,517,BG005
1551,1,518,DS003
1552,1,519,DS002
1553,1,519,PZ004
1554,1,519,BG011
1555,1,519,DR007
1556,3,520,DS007
1557,1,520,DR001
1558,1,520,CK001
1559,1,521,DR007
1560,1,521,DR009
1561,1,521,PZ008
1562,1,522,BG001
1563,1,522,CK004
1564,1,523,DR005
1565,3,524,DR011
1566,1,524,DR005
1567,1,524,DR009
1568,2,524,DR001
1569,1,525,SD004
1570,3,525,BG001
1571,1,525,CK002
1572,2,526,SD003
1573,1,526,DS010
1574,2,526,DR001
1575,1,526,SD002
1576,1,526,DS003
1577,1,527,CK002
1578,1,527,DR003
1579,1,528,DR002
1580,1,528,PZ003
1581,1,528,CK006
1582,1,529,SD003
1583,2,530,DR004
1584,2,530,PZ008
1585,1,530,BG004
1586,1,530,PZ003
1587,3,530,SD003
1588,3,531,DR001
1589,1,532,PZ010
1590,1,532,SD008
1591,1,532,DS007
1592,3,533,SD005
1593,1,533,DS010
1594,1,533,DR004
1595,1,533,DS007
1596,1,534,PZ005
1597,1,534,SD002
1598,1,534,PZ002
1599,1,534,SD005
1600,1,534,SD006
1601,3,535,BG010
1602,1,535,PZ004
1603,1,535,PZ001
1604,1,535,DS005
1605,1,535,DR002
1606,1,536,DS010
1607,1,536,DR007
1608,1,536,DS005
1609,1,536,PZ002
1610,1,536,DR009
1611,1,537,BG004
1612,1,537,DR001
1613,1,537,CK001
1614,1,537,DS010
1615,1,538,PZ004
1616,3,539,DR003
1617,1,539,BG011
1618,1,539,CK009
1619,1,539,DS001
1620,1,540,DR009
1621,1,540,DS004
1622,1,540,BG007
1623,2,540,DR002
1624,3,541,PZ008
1625,1,541,SD008
1626,2,541,CK007
1627,1,541,DR002
1628,1,542,SD007
1629,1,542,DS004
1630,1,543,BG002
1631,1,543,SD005
1632,1,543,SD011
1633,3,544,DS007
1634,2,544,DS005
1635,1,544,DS007
1636,1,544,BG005
1637,1,545,SD011
1638,1,546,CK002
1639,1,546,DS005
1640,1,546,DS010
1641,1,546,BG009
1642,2,547,PZ004
1643,3,547,BG002
1644,3,547,BG004
1645,1,548,DS005
1646,1,548,DR005
1647,1,548,DS003
1648,1,549,BG002
1649,1,549,DR010
1650,1,550,SD005
1651,1,550,BG006
1652,1,550,SD011
1653,1,551,PZ009
1654,2,551,DS008
1655,1,551,BG007
1656,2,552,BG004
1657,3,552,DS001
1658,1,552,DR002
1659,1,552,DR005
1660,1,553,SD001
1661,1,553,DR009
1662,1,553,BG002
1663,1,553,DR002
1664,2,553,SD011
1665,2,554,DS003
1666,1,555,SD009
1667,1,556,DR004
1668,1,556,CK004
1669,1,556,CK006
1670,1,556,CK004
1671,1,556,BG009
1672,1,557,DR002
1673,3,557,BG007
1674,1,557,BG001
1675,1,557,BG007
1676,2,557,PZ005
1677,1,558,DR002
1678,1,558,PZ006
1679,1,558,DS003
1680,1,558,CK004
1681,1,558,SD003
1682,1,559,CK007
1683,1,559,SD004
1684,1,559,CK009
1685,1,559,SD009
1686,1,559,DS003
1687,1,560,PZ002
1688,3,560,CK006
1689,1,561,BG009
1690,1,561,PZ010
1691,1,561,BG011
1692,1,562,BG004
1693,1,562,SD007
1694,1,562,PZ006
1695,1,562,DS007
1696,1,563,DR005
1697,1,563,DS008
1698,3,563,BG003
1699,1,563,BG008
1700,1,563,DR002
1701,1,564,BG009
1702,2,565,BG001
1703,1,565,DR010
1704,1,566,DS005
1705,1,566,BG007
1706,2,566,DR010
1707,1,566,SD001
1708,1,567,CK002
1709,1,567,DS006
1710,1,567,CK003
1711,3,567,DR008
1712,1,568,CK002
1713,1,568,SD009
1714,1,569,BG009
1715,1,569,BG001
1716,1,569,SD002
1717,1,570,DR006
1718,2,570,PZ006
1719,3,570,DS004
1720,1,571,DR007
1721,1,571,DS003
1722,1,572,DS002
1723,1,572,CK004
1724,2,572,DS001
1725,1,573,CK005
1726,1,573,SD008
1727,1,573,PZ007
1728,1,573,SD004
1729,1,574,BG004
1730,2,574,BG003
1731,3,574,DR007
1732,1,574,DR011
1733,1,574,DS002
1734,1,575,DS006
1735,1,575,SD004
1736,3,575,SD004
1737,1,576,DR005
1738,1,576,DS005
1739,2,576,PZ003
1740,1,576,DS001
1741,1,577,DR009
1742,2,578,BG001
1743,1,579,BG008
1744,1,579,DR007
1745,1,579,DS004
1746,1,579,SD004
1747,1,580,CK006
1748,1,580,SD002
1749,1,580,DR011
1750,1,581,DS001
1751,1,581,DS002
1752,1,581,DR003
1753,1,582,DS004
1754,1,582,BG008
1755,3,582,CK008
1756,1,583,BG011
1757,3,583,BG005
1758,1,584,SD005
1759,1,585,PZ008
1760,1,585,CK005
1761,1,585,DS002
1762,1,586,DS008
1763,1,586,PZ001
1764,1,586,DR011
1765,1,586,PZ001
1766,1,586,DS006
1767,1,587,SD011
1768,3,587,BG009
1769,1,587,DR004
1770,1,587,BG003
1771,1,587,BG006
1772,2,588,PZ010
1773,1,588,CK003
1774,1,589,PZ001
1775,1,589,DR008
1776,1,589,DR004
1777,3,590,BG002
1778,1,590,DR003
1779,3,590,SD001
1780,1,590,SD010
1781,1,591,DR002
1782,1,592,CK003
1783,2,592,SD010
1784,1,592,DS009
1785,1,593,BG007
1786,2,593,DS003
1787,1,593,DS009
1788,2,594,PZ002
1789,1,594,PZ004
1790,1,594,SD010
1791,2,595,DS001
1792,1,595,DS008
1793,1,595,BG008
1794,1,596,BG011
1795,1,596,SD011
1796,1,596,CK008
1797,2,596,DR009
1798,1,597,DS004
1799,1,598,PZ003
1800,1,598,SD002
1801,1,598,DS010
1802,1,599,DS008
1803,1,600,BG005
1804,1,600,BG009
1805,2,600,BG001
1806,1,600,DR007
1807,3,601,BG006
1808,1,601,DR001
1809,1,601,CK004
1810,2,601,DS005
1811,1,602,DS006
1812,1,602,BG006
1813,1,602,BG003
1814,1,602,SD001
1815,1,602,DR009
1816,3,603,DS001
1817,1,603,SD011
1818,1,603,PZ008
1819,3,603,SD010
1820,1,603,BG007
1821,1,604,PZ005
1822,1,604,SD002
1823,1,605,DS005
1824,1,605,DS008
1825,3,606,DS008
1826,1,606,BG011
1827,1,607,DS006
1828,1,608,CK006
1829,1,608,CK002
1830,1,609,BG005
1831,2,609,DR001
1832,1,609,SD007
1833,2,610,CK003
1834,1,610,SD007
1835,1,610,CK001
1836,1,610,PZ008
1837,3,610,BG008
1838,1,611,PZ005
1839,3,611,SD009
1840,1,611,PZ006
1841,1,611,DS010
1842,1,611,DS003
1843,2,612,DS007
1844,3,613,PZ009
1845,1,613,PZ004
1846,1,613,BG010
1847,1,613,PZ004
1848,1,613,DS002
1849,1,614,BG007
1850,1,614,BG002
1851,1,614,CK009
1852,1,615,SD009
1853,3,615,BG009
1854,3,615,DS010
1855,1,615,CK007
1856,2,616,SD004
1857,1,616,CK006
1858,1,616,CK004
1859,1,616,PZ008
1860,1,616,SD006
1861,2,617,DR004
1862,1,617,PZ007
1863,3,617,CK008
1864,1,617,DR004
1865,1,618,DR009
1866,1,618,DR006
1867,2,618,BG009
1868,1,618,DR003
1869,1,619,SD008
1870,1,619,PZ003
1871,1,620,SD011
1872,1,620,CK001
1873,3,620,DS004
1874,1,621,BG006
1875,3,621,CK006
1876,2,622,DR011
1877,2,623,PZ010
1878,1,623,PZ008
1879,1,624,DR002
1880,1,624,CK007
1881,1,624,PZ008
1882,1,624,BG003
1883,1,624,SD010
1884,1,625,SD006
1885,1,625,PZ009
1886,2,626,DR009
1887,2,626,DS007
1888,1,626,DR008
1889,1,627,BG003
1890,3,628,CK003
1891,1,628,PZ002
1892,2,629,SD002
1893,1,629,PZ002
1894,1,630,DR001
1895,1,630,DS004
1896,1,631,PZ006
1897,1,631,PZ001
1898,3,631,PZ002
1899,1,631,PZ010
1900,1,631,SD007
1901,1,632,BG004
1902,2,632,DR002
1903,1,633,PZ006
1904,2,633,CK007
1905,1,633,BG010
1906,1,633,DS007
1907,3,634,PZ008
1908,1,634,SD009
1909,1,634,SD004
1910,1,635,CK006
1911,1,635,BG006
1912,2,635,CK001
1913,1,636,DS006
1914,3,637,BG008
1915,1,637,BG008
1916,1,637,DS007
1917,2,637,SD007
1918,1,637,DR006
1919,2,638,PZ008
1920,1,638,CK005
1921,3,638,BG011
1922,1,638,BG008
1923,1,639,DS008
1924,1,640,CK005
1925,1,640,SD006
1926,1,640,DS009
1927,3,640,DR011
1928,1,641,SD006
1929,3,641,BG001
1930,3,641,DR002
1931,2,641,BG003
1932,1,642,CK002
1933,1,642,SD003
1934,1,642,BG003
1935,2,642,BG003
1936,2,642,CK006
1937,1,643,DR005
1938,1,644,PZ007
1939,1,644,DR002
1940,2,644,SD011
1941,1,644,DS001
1942,1,644,CK003
1943,1,645,BG010
1944,1,645,BG010
1945,3,645,CK009
1946,1,645,PZ010
1947,1,645,DR007
1948,1,646,PZ002
1949,1,646,BG007
1950,1,646,SD004
1951,1,646,BG007
1952,1,647,DS008
1953,3,647,CK009
1954,1,648,SD002
1955,1,648,SD008
1956,1,648,DS009
1957,1,649,CK002
1958,1,649,BG001
1959,1,649,CK001
1960,1,650,SD011
1961,1,650,DR011
1962,3,650,CK006
1963,1,650,SD009
1964,1,651,SD010
1965,3,651,DR010
1966,1,652,BG008
1967,3,652,BG007
1968,1,653,DR005
1969,1,653,DS009
1970,3,653,DR005
1971,1,653,DS003
1972,1,654,DR001
1973,1,654,DS005
1974,1,654,CK003
1975,1,654,DR010
1976,3,654,DS010
1977,1,655,SD007
1978,1,656,BG004
1979,1,656,BG001
1980,1,656,DR006
1981,3,656,DR004
1982,1,657,DR008
1983,2,657,PZ006
1984,1,657,DR002
1985,1,658,DS009
1986,1,658,CK006
1987,2,658,CK006
1988,1,658,SD003
1989,3,658,CK004
1990,2,659,BG004
1991,2,659,DR008
1992,1,659,DS006
1993,1,660,DS006
1994,1,660,BG001
1995,1,660,DR006
1996,3,660,BG006
1997,1,660,BG004
1998,1,661,PZ006
1999,1,661,BG009
2000,1,662,SD001
2001,1,662,DS007
2002,1,663,CK008
2003,1,663,SD006
2004,1,663,PZ008
2005,1,664,PZ006
2006,1,665,DS007
2007,3,665,BG008
2008,1,665,PZ009
2009,1,665,CK001
2010,1,665,BG011
2011,1,666,SD008
2012,3,666,PZ004
2013,3,666,DS001
2014,1,667,CK008
2015,1,667,DR004
2016,1,667,BG010
2017,3,667,SD006
2018,1,668,SD004
2019,1,668,PZ009
2020,2,668,CK003
2021,1,668,CK001
2022,1,668,PZ008
2023,3,669,PZ007
2024,1,669,PZ003
2025,1,669,SD004
2026,1,670,DS003
2027,1,671,CK006
2028,3,671,DS003
2029,1,671,DR007
2030,2,671,DR004
2031,3,671,SD010
2032,1,672,PZ003
2033,1,672,DS005
2034,3,672,PZ006
2035,1,672,PZ003
2036,1,672,SD007
2037,1,673,PZ008
2038,1,673,SD003
2039,2,674,PZ010
2040,1,674,DS006
2041,3,674,DR002
2042,1,675,BG003
2043,2,675,DS010
2044,1,675,DS009
2045,2,675,CK003
2046,1,676,DS003
2047,2,676,BG007
2048,1,676,DR010
2049,3,676,DS005
2050,1,676,BG001
2051,1,677,CK009
2052,3,677,SD002
2053,1,677,PZ010
2054,1,677,PZ004
2055,1,678,PZ009
2056,3,678,SD009
2057,3,678,DS002
2058,1,678,DR003
2059,1,679,DR004
2060,1,680,DS009
2061,3,681,PZ004
2062,2,681,BG010
2063,3,682,BG011
2064,1,683,PZ006
2065,1,683,CK004
2066,2,683,DR007
2067,1,683,BG005
2068,1,684,BG007
2069,2,684,DS006
2070,1,685,BG003
2071,1,685,BG004
2072,1,685,SD007
2073,3,685,BG003
2074,2,685,SD009
2075,1,686,DS003
2076,1,686,PZ010
2077,1,687,DS001
2078,1,687,BG006
2079,3,688,DR001
2080,1,688,DS003
2081,1,688,SD006
2082,2,688,CK009
2083,1,689,PZ003
2084,1,689,BG011
2085,1,690,CK004
2086,2,690,SD007
2087,1,690,DR001
2088,1,690,BG007
2089,2,690,DR003
2090,1,691,DR004
2091,1,691,BG003
2092,2,691,SD011
2093,1,691,BG004
2094,2,692,CK006
2095,1,692,DS004
2096,1,692,DR001
2097,1,693,BG004
2098,1,693,DS005
2099,1,693,CK002
2100,1,693,SD009
2101,3,693,BG004
2102,2,694,BG007
2103,1,695,CK008
2104,1,695,PZ007
2105,1,695,CK008
2106,2,695,SD001
2107,1,695,PZ005
2108,3,696,DR003
2109,1,696,DR009
2110,1,696,BG003
2111,1,696,DS008
2112,1,697,DR010
2113,2,697,CK003
2114,1,697,DS001
2115,2,697,DS001
2116,2,698,DS008
2117,3,699,BG002
2118,1,699,DS010
2119,3,699,CK003
2120,1,699,BG007
2121,1,700,BG010
2122,1,700,DR008
2123,1,700,DS006
2124,2,700,PZ003
2125,1,701,BG007
2126,1,701,SD006
2127,1,701,BG008
2128,1,701,DS008
2129,1,701,BG002
2130,1,702,BG007
2131,2,702,SD004
2132,1,702,SD011
2133,1,702,DR008
2134,3,703,DR001
2135,2,703,PZ008
2136,1,704,DS001
2137,1,704,BG010
2138,1,705,BG008
2139,1,706,DR007
2140,1,706,BG004
2141,1,706,PZ003
2142,1,706,CK006
2143,3,706,CK003
2144,1,707,DR001
2145,1,707,DR003
2146,1,707,PZ002
2147,3,707,SD001
2148,1,708,PZ008
2149,1,708,CK008
2150,1,708,SD001
2151,1,709,DR007
2152,1,709,PZ002
2153,3,709,PZ009
2154,1,709,SD004
2155,2,709,BG008
2156,3,710,PZ009
2157,1,710,BG005
2158,2,710,DR002
2159,2,710,CK009
2160,2,710,SD006
2161,1,711,PZ001
2162,1,711,BG001
2163,2,711,DR005
2164,3,711,DS005
2165,2,711,CK001
2166,1,712,SD001
2167,1,713,BG003
2168,2,713,CK005
2169,3,713,DR002
2170,1,713,PZ001
2171,1,714,BG001
2172,1,715,BG005
2173,3,715,DR001
2174,1,716,SD002
2175,1,717,CK001
2176,2,717,SD004
2177,1,717,BG011
2178,1,717,BG006
2179,1,717,PZ004
2180,1,718,CK006
2181,1,718,PZ008
2182,1,718,DS004
2183,1,718,CK002
2184,2,719,DR009
2185,3,719,SD001
2186,1,720,SD009
2187,2,720,PZ001
2188,1,720,PZ010
2189,3,720,SD010
2190,1,721,SD002
2191,3,721,DR001
2192,1,721,DS001
2193,1,721,CK005
2194,1,722,DS008
2195,3,722,BG010
2196,2,723,BG005
2197,2,724,BG002
2198,1,724,CK009
2199,1,724,DR006
2200,1,724,DR011
2201,1,725,DR003
2202,1,725,SD005
2203,1,725,DR001
2204,1,726,CK006
2205,1,727,CK006
2206,1,727,DS001
2207,1,727,SD010
2208,2,727,DS007
2209,1,727,SD002
2210,1,728,BG005
2211,2,728,DR008
2212,1,728,CK002
2213,1,729,BG007
2214,1,729,PZ009
2215,1,729,PZ005
2216,2,729,SD010
2217,1,729,DR005
2218,1,730,DS004
2219,1,731,SD003
2220,1,731,DS002
2221,2,731,DS006
2222,1,732,DR001
2223,2,732,DR011
2224,1,732,DS010
2225,3,732,SD009
2226,1,732,PZ004
2227,2,733,SD008
2228,2,734,DR002
2229,1,734,DS001
2230,1,735,DS009
2231,3,736,SD004
2232,1,736,CK001
2233,3,736,BG006
2234,1,736,CK009
2235,2,736,SD007
2236,1,737,BG004
2237,1,738,PZ001
2238,1,738,DR011
2239,1,739,DS009
2240,3,739,SD006
2241,1,739,DS002
2242,1,739,CK002
2243,1,739,PZ007
2244,1,740,SD009
2245,1,740,CK005
2246,1,741,PZ003
2247,1,741,SD011
2248,1,741,DS009
2249,1,741,CK002
2250,1,742,DS007
2251,3,742,DR009
2252,1,742,PZ002
2253,1,743,DR008
2254,1,743,SD001
2255,1,743,BG002
2256,1,743,CK001
2257,1,744,PZ006
2258,1,744,BG007
2259,1,744,PZ010
2260,1,744,CK007
2261,2,744,DS007
2262,1,745,PZ003
2263,1,745,SD007
2264,1,745,CK006
2265,1,745,CK006
2266,2,746,SD009
2267,1,746,PZ009
2268,1,747,CK005
2269,1,747,BG006
2270,2,747,DS004
2271,1,747,DR001
2272,2,747,DS003
2273,1,748,SD009
2274,3,748,BG001
2275,1,749,PZ003
2276,1,750,PZ010
2277,1,751,SD001
2278,1,751,SD005
2279,1,752,CK001
2280,1,752,BG004
2281,1,753,DS007
2282,1,753,CK008
2283,1,753,SD004
2284,1,754,PZ005
2285,1,754,SD001
2286,3,754,BG009
2287,3,754,DR004
2288,1,754,BG008
